
-------------------------------------------Inserting Values into Spring23_S003_22_Employee Relation--------------------------

insert into Spring23_S003_22_Employee (Emp_ID, FName, MName, LName, SSN, PhysicalAddress, BDate, StoreID) values (1, 'Antonie', 'Molly', 'Bande', '276-17-4412', '22345 Ryan Place', TO_DATE('02/02/2000','MM/DD/YYYY'), 1);
insert into Spring23_S003_22_Employee (Emp_ID, FName, MName, LName, SSN, PhysicalAddress, BDate, StoreID) values (2, 'Nari', 'Jorie', 'Goodhew', '334-28-9986', '218 Cordelia Drive', TO_DATE('02/28/1960','MM/DD/YYYY'), 2);
insert into Spring23_S003_22_Employee (Emp_ID, FName, MName, LName, SSN, PhysicalAddress, BDate, StoreID) values (3, 'Johannes', 'Belicia', 'Flacknell', '467-67-5791', '20812 Little Fleur Circle', TO_DATE('09/02/1961','MM/DD/YYYY'), 3);
insert into Spring23_S003_22_Employee (Emp_ID, FName, MName, LName, SSN, PhysicalAddress, BDate, StoreID) values (4, 'Mile', 'Deny', 'Westall', '302-44-7580', '2668 Melby Road', TO_DATE('04/29/1982', 'MM/DD/YYYY'),4);
insert into Spring23_S003_22_Employee (Emp_ID, FName, MName, LName, SSN, PhysicalAddress, BDate, StoreID) values (5, 'Davine', 'Fionnula', 'Jarvis', '653-02-9815', '26 Nobel Center', TO_DATE('04/30/1971', 'MM/DD/YYYY'),5);
insert into Spring23_S003_22_Employee (Emp_ID, FName, MName, LName, SSN, PhysicalAddress, BDate, StoreID) values (6, 'Valerie', 'Dacy', 'Milland', '467-47-6465', '6326 Comanche Court', TO_DATE('11/17/1953', 'MM/DD/YYYY'),6);
insert into Spring23_S003_22_Employee (Emp_ID, FName, MName, LName, SSN, PhysicalAddress, BDate, StoreID) values (7, 'Idalina', 'Lula', 'Skyram', '750-15-9221', '2 Melvin Way', TO_DATE('10/08/1959', 'MM/DD/YYYY'),7);
insert into Spring23_S003_22_Employee (Emp_ID, FName, MName, LName, SSN, PhysicalAddress, BDate, StoreID) values (8, 'Johnathon', 'Kayley', 'Phelps', '453-71-3545', '79062 Sunfield Street', TO_DATE('12/04/1967', 'MM/DD/YYYY'),8);
insert into Spring23_S003_22_Employee (Emp_ID, FName, MName, LName, SSN, PhysicalAddress, BDate, StoreID) values (9, 'Leann', 'Jelene', 'Joddens', '667-32-0112', '023 Steensland Crossing', TO_DATE('03/03/1964','MM/DD/YYYY'), 9);
insert into Spring23_S003_22_Employee (Emp_ID, FName, MName, LName, SSN, PhysicalAddress, BDate, StoreID) values (10, 'Charlena', 'Carmen', 'Fenty', '605-30-1735', '9 Calypso Parkway', TO_DATE('11/05/1968', 'MM/DD/YYYY'),10);
insert into Spring23_S003_22_Employee (Emp_ID, FName, MName, LName, SSN, PhysicalAddress, BDate, StoreID) values (11, 'Teddie', 'Liz', 'Laboune', '325-36-7214', '8 Springview Pass', TO_DATE('01/25/1980',  'MM/DD/YYYY'),11);
insert into Spring23_S003_22_Employee (Emp_ID, FName, MName, LName, SSN, PhysicalAddress, BDate, StoreID) values (12, 'Pierre', 'Emylee', 'Bernini', '527-75-3428', '7843 Warbler Trail', TO_DATE('03/09/1946', 'MM/DD/YYYY'),12);
insert into Spring23_S003_22_Employee (Emp_ID, FName, MName, LName, SSN, PhysicalAddress, BDate, StoreID) values (13, 'Kara', 'Sibelle', 'Whitty', '287-04-1831', '1 Sycamore Circle', TO_DATE('04/01/1966', 'MM/DD/YYYY'),13);
insert into Spring23_S003_22_Employee (Emp_ID, FName, MName, LName, SSN, PhysicalAddress, BDate, StoreID) values (14, 'Lucas', 'Lenna', 'Welfare', '358-03-3072', '12 Thierer Parkway', TO_DATE('11/09/1989', 'MM/DD/YYYY'),14);
insert into Spring23_S003_22_Employee (Emp_ID, FName, MName, LName, SSN, PhysicalAddress, BDate, StoreID) values (15, 'Sherye', 'Martina', 'Duckinfield', '424-94-5094', '125 Derek Drive', TO_DATE('11/29/2000', 'MM/DD/YYYY'),15);
insert into Spring23_S003_22_Employee (Emp_ID, FName, MName, LName, SSN, PhysicalAddress, BDate, StoreID) values (16, 'Minerva', 'Dionis', 'Larmour', '102-93-9786', '26036 Mosinee Park', TO_DATE('01/01/1965', 'MM/DD/YYYY'),16);
insert into Spring23_S003_22_Employee (Emp_ID, FName, MName, LName, SSN, PhysicalAddress, BDate, StoreID) values (17, 'Dulsea', 'Alvinia', 'Swindle', '446-01-7276', '4119 Farwell Park', TO_DATE('12/21/1976', 'MM/DD/YYYY'),17);
insert into Spring23_S003_22_Employee (Emp_ID, FName, MName, LName, SSN, PhysicalAddress, BDate, StoreID) values (18, 'Benetta', 'Wenonah', 'Golling', '414-27-6912', '5927 Porter Street', TO_DATE('12/31/1944', 'MM/DD/YYYY'),18);
insert into Spring23_S003_22_Employee (Emp_ID, FName, MName, LName, SSN, PhysicalAddress, BDate, StoreID) values (19, 'Cora', 'Cordelie', 'Tesche', '438-53-8097', '7257 Arkansas Parkway', TO_DATE('08/26/1951', 'MM/DD/YYYY'),19);
insert into Spring23_S003_22_Employee (Emp_ID, FName, MName, LName, SSN, PhysicalAddress, BDate, StoreID) values (20, 'Burnaby', 'Deidre', 'Haywood', '837-47-6030', '1824 Village Street', TO_DATE('01/10/1959', 'MM/DD/YYYY'),20);
insert into Spring23_S003_22_Employee (Emp_ID, FName, MName, LName, SSN, PhysicalAddress, BDate, StoreID) values (21, 'Farand', 'Wilona', 'Bottrill', '257-81-5197', '6832 Judy Plaza', TO_DATE('05/12/1960', 'MM/DD/YYYY'),21);
insert into Spring23_S003_22_Employee (Emp_ID, FName, MName, LName, SSN, PhysicalAddress, BDate, StoreID) values (22, 'Rhona', 'Trixi', 'Filippov', '732-21-0896', '7 Fulton Pass', TO_DATE('06/26/1982', 'MM/DD/YYYY'),22);
insert into Spring23_S003_22_Employee (Emp_ID, FName, MName, LName, SSN, PhysicalAddress, BDate, StoreID) values (23, 'Casie', 'Vida', 'Davidowsky', '898-97-0633', '345 Elka Lane', TO_DATE('08/15/1966', 'MM/DD/YYYY'),23);
insert into Spring23_S003_22_Employee (Emp_ID, FName, MName, LName, SSN, PhysicalAddress, BDate, StoreID) values (24, 'Belle', 'Mariya', 'Sleeman', '544-43-4787', '1904 Park Meadow Park', TO_DATE('03/01/1999', 'MM/DD/YYYY'),24);
insert into Spring23_S003_22_Employee (Emp_ID, FName, MName, LName, SSN, PhysicalAddress, BDate, StoreID) values (25, 'Josiah', 'Allys', 'Jacobowitz', '449-50-6393', '0649 Jana Park', TO_DATE('09/02/1988', 'MM/DD/YYYY'),25);
insert into Spring23_S003_22_Employee (Emp_ID, FName, MName, LName, SSN, PhysicalAddress, BDate, StoreID) values (26, 'Kinny', 'Marrissa', 'Dayly', '713-28-8275', '68147 Calypso Parkway', TO_DATE('03/05/1987', 'MM/DD/YYYY'),26);
insert into Spring23_S003_22_Employee (Emp_ID, FName, MName, LName, SSN, PhysicalAddress, BDate, StoreID) values (27, 'Neil', 'Cornelia', 'Raitt', '679-83-0382', '7256 Vidon Alley', TO_DATE('07/21/2002', 'MM/DD/YYYY'),27);
insert into Spring23_S003_22_Employee (Emp_ID, FName, MName, LName, SSN, PhysicalAddress, BDate, StoreID) values (28, 'Xylia', 'Tracy', 'MacInerney', '478-42-7303', '513 Bellgrove Circle', TO_DATE('08/10/1944', 'MM/DD/YYYY'),28);
insert into Spring23_S003_22_Employee (Emp_ID, FName, MName, LName, SSN, PhysicalAddress, BDate, StoreID) values (29, 'Layne', 'Corene', 'Gallahue', '441-97-9973', '33 Packers Avenue', TO_DATE('12/26/1957', 'MM/DD/YYYY'),29);
insert into Spring23_S003_22_Employee (Emp_ID, FName, MName, LName, SSN, PhysicalAddress, BDate, StoreID) values (30, 'Sonia', 'Vivienne', 'Mole', '474-37-8374', '10784 Knutson Crossing',TO_DATE( '05/31/1955', 'MM/DD/YYYY'),30);
insert into Spring23_S003_22_Employee (Emp_ID, FName, MName, LName, SSN, PhysicalAddress, BDate, StoreID) values (31, 'Rochell', 'Marika', 'Stephens', '516-40-7402', '1 Dorton Trail', TO_DATE('12/18/1960', 'MM/DD/YYYY'),31);
insert into Spring23_S003_22_Employee (Emp_ID, FName, MName, LName, SSN, PhysicalAddress, BDate, StoreID) values (32, 'Estella', 'Maddalena', 'd'' Eye', '151-06-4134', '886 Bartelt Road', TO_DATE('07/16/1960', 'MM/DD/YYYY'),32);
insert into Spring23_S003_22_Employee (Emp_ID, FName, MName, LName, SSN, PhysicalAddress, BDate, StoreID) values (33, 'Clemence', 'Brianne', 'Sager', '481-70-9282', '9755 Sachs Parkway', TO_DATE('10/17/2001', 'MM/DD/YYYY'),33);
insert into Spring23_S003_22_Employee (Emp_ID, FName, MName, LName, SSN, PhysicalAddress, BDate, StoreID) values (34, 'Rodrique', 'Dre', 'Furniss', '122-43-4105', '60 Gulseth Drive', TO_DATE('02/11/1968', 'MM/DD/YYYY'),34);
insert into Spring23_S003_22_Employee (Emp_ID, FName, MName, LName, SSN, PhysicalAddress, BDate, StoreID) values (35, 'Roshelle', 'Coraline', 'Vigars', '673-10-4634', '68 Amoth Point', TO_DATE('08/10/2002', 'MM/DD/YYYY'),35);
insert into Spring23_S003_22_Employee (Emp_ID, FName, MName, LName, SSN, PhysicalAddress, BDate, StoreID) values (36, 'Cristi', 'Gael', 'Reuther', '811-61-3615', '30853 Beilfuss Point', TO_DATE('12/25/1996', 'MM/DD/YYYY'),36);
insert into Spring23_S003_22_Employee (Emp_ID, FName, MName, LName, SSN, PhysicalAddress, BDate, StoreID) values (37, 'Reed', 'Cortney', 'Giacoboni', '205-94-6385', '9 Judy Point', TO_DATE('01/16/1942', 'MM/DD/YYYY'),37);
insert into Spring23_S003_22_Employee (Emp_ID, FName, MName, LName, SSN, PhysicalAddress, BDate, StoreID) values (38, 'Shurlock', 'Nonie', 'Halsey', '725-01-5796', '321 Atwood Crossing', TO_DATE('05/10/1978', 'MM/DD/YYYY'),38);
insert into Spring23_S003_22_Employee (Emp_ID, FName, MName, LName, SSN, PhysicalAddress, BDate, StoreID) values (39, 'Ansel', 'Reta', 'Barhams', '140-06-4153', '7982 Mayer Hill', TO_DATE('02/10/1980', 'MM/DD/YYYY'),39);
insert into Spring23_S003_22_Employee (Emp_ID, FName, MName, LName, SSN, PhysicalAddress, BDate, StoreID) values (40, 'Adel', 'Raye', 'Heineke', '594-13-4183', '997 Glendale Terrace', TO_DATE('04/07/1999', 'MM/DD/YYYY'),40);
insert into Spring23_S003_22_Employee (Emp_ID, FName, MName, LName, SSN, PhysicalAddress, BDate, StoreID) values (41, 'Glyn', 'Cory', 'Annice', '861-55-4139', '065 Blackbird Pass', TO_DATE('07/13/1950', 'MM/DD/YYYY'),41);
insert into Spring23_S003_22_Employee (Emp_ID, FName, MName, LName, SSN, PhysicalAddress, BDate, StoreID) values (42, 'Robinson', 'Estele', 'Carnaman', '348-44-6527', '213 Clarendon Park', TO_DATE('09/10/1964', 'MM/DD/YYYY'),42);
insert into Spring23_S003_22_Employee (Emp_ID, FName, MName, LName, SSN, PhysicalAddress, BDate, StoreID) values (43, 'Valma', 'Nanny', 'Wickson', '311-18-2439', '71 Manitowish Street', TO_DATE('04/19/1987', 'MM/DD/YYYY'),43);
insert into Spring23_S003_22_Employee (Emp_ID, FName, MName, LName, SSN, PhysicalAddress, BDate, StoreID) values (44, 'Rebe', 'Lelah', 'Dwire', '654-87-8242', '48 Kingsford Circle', TO_DATE('09/13/1988', 'MM/DD/YYYY'),44);
insert into Spring23_S003_22_Employee (Emp_ID, FName, MName, LName, SSN, PhysicalAddress, BDate, StoreID) values (45, 'Lynnett', 'Ema', 'Golly', '107-19-4623', '071 Meadow Ridge Point', TO_DATE('08/29/1943', 'MM/DD/YYYY'),45);
insert into Spring23_S003_22_Employee (Emp_ID, FName, MName, LName, SSN, PhysicalAddress, BDate, StoreID) values (46, 'Meghan', 'Orel', 'Lammas', '824-70-7408', '345 Orin Terrace', TO_DATE('03/08/1966', 'MM/DD/YYYY'),46);
insert into Spring23_S003_22_Employee (Emp_ID, FName, MName, LName, SSN, PhysicalAddress, BDate, StoreID) values (47, 'Carroll', 'Maud', 'Baddoe', '406-50-7191', '27178 Grim Pass', TO_DATE('11/23/1978', 'MM/DD/YYYY'),47);
insert into Spring23_S003_22_Employee (Emp_ID, FName, MName, LName, SSN, PhysicalAddress, BDate, StoreID) values (48, 'Cecilia', 'Aubine', 'Briddle', '874-63-6037', '56 Northland Road', TO_DATE('03/11/1959', 'MM/DD/YYYY'),48);
insert into Spring23_S003_22_Employee (Emp_ID, FName, MName, LName, SSN, PhysicalAddress, BDate, StoreID) values (49, 'Margery', 'Rebekah', 'MacKenney', '382-07-5486', '297 Eagle Crest Alley', TO_DATE('01/19/1959', 'MM/DD/YYYY'),49);
insert into Spring23_S003_22_Employee (Emp_ID, FName, MName, LName, SSN, PhysicalAddress, BDate, StoreID) values (50, 'Janeta', 'Easter', 'McBayne', '347-77-6655', '318 Anthes Drive', TO_DATE('04/14/1975', 'MM/DD/YYYY'),50);
insert into Spring23_S003_22_Employee (Emp_ID, FName, MName, LName, SSN, PhysicalAddress, BDate, StoreID) values (51, 'Barret', 'Andee', 'Matthias', '361-10-3541', '307 Mccormick Junction', TO_DATE('03/18/1991', 'MM/DD/YYYY'),51);
insert into Spring23_S003_22_Employee (Emp_ID, FName, MName, LName, SSN, PhysicalAddress, BDate, StoreID) values (52, 'Atlanta', 'Joanie', 'Wrey', '267-49-4278', '000 Kennedy Drive', TO_DATE('10/23/1953', 'MM/DD/YYYY'),52);
insert into Spring23_S003_22_Employee (Emp_ID, FName, MName, LName, SSN, PhysicalAddress, BDate, StoreID) values (53, 'Kelci', 'Marjy', 'Brayne', '717-27-0590', '374 Northland Way', TO_DATE('12/14/1965', 'MM/DD/YYYY'),53);
insert into Spring23_S003_22_Employee (Emp_ID, FName, MName, LName, SSN, PhysicalAddress, BDate, StoreID) values (54, 'Novelia', 'Pamelina', 'Linskill', '451-64-2409', '515 Russell Court', TO_DATE('12/16/1987', 'MM/DD/YYYY'),54);
insert into Spring23_S003_22_Employee (Emp_ID, FName, MName, LName, SSN, PhysicalAddress, BDate, StoreID) values (55, 'Philippine', 'Shanon', 'Belvard', '608-57-1240', '14927 Pepper Wood Lane', TO_DATE('01/07/1979', 'MM/DD/YYYY'),55);
insert into Spring23_S003_22_Employee (Emp_ID, FName, MName, LName, SSN, PhysicalAddress, BDate, StoreID) values (56, 'Sydney', 'Harriet', 'Orr', '126-13-2776', '7315 Little Fleur Lane', TO_DATE('08/07/1964', 'MM/DD/YYYY'),56);
insert into Spring23_S003_22_Employee (Emp_ID, FName, MName, LName, SSN, PhysicalAddress, BDate, StoreID) values (57, 'Barret', 'Waneta', 'Crallan', '771-68-2729', '7 Parkside Trail', TO_DATE('12/08/1985', 'MM/DD/YYYY'),57);
insert into Spring23_S003_22_Employee (Emp_ID, FName, MName, LName, SSN, PhysicalAddress, BDate, StoreID) values (58, 'Alameda', 'Nina', 'Blennerhassett', '702-60-1154', '8088 Huxley Alley', TO_DATE('04/29/1971','MM/DD/YYYY'), 58);
insert into Spring23_S003_22_Employee (Emp_ID, FName, MName, LName, SSN, PhysicalAddress, BDate, StoreID) values (59, 'Elwyn', 'Opaline', 'Clawsley', '413-36-3553', '0879 Center Center', TO_DATE('06/15/2001', 'MM/DD/YYYY'),59);
insert into Spring23_S003_22_Employee (Emp_ID, FName, MName, LName, SSN, PhysicalAddress, BDate, StoreID) values (60, 'Francklyn', 'Ronny', 'Shalliker', '327-56-9341', '9894 Carberry Street', TO_DATE('09/20/2002', 'MM/DD/YYYY'),60);
insert into Spring23_S003_22_Employee (Emp_ID, FName, MName, LName, SSN, PhysicalAddress, BDate, StoreID) values (61, 'Marcos', 'Kippy', 'Axcell', '652-98-3219', '10 Fulton Center', TO_DATE('08/02/1987','MM/DD/YYYY'), 1);
insert into Spring23_S003_22_Employee (Emp_ID, FName, MName, LName, SSN, PhysicalAddress, BDate, StoreID) values (62, 'Erroll', 'Danit', 'Colegrove', '344-86-8934', '4 Welch Street', TO_DATE('07/18/1960','MM/DD/YYYY'), 2);
insert into Spring23_S003_22_Employee (Emp_ID, FName, MName, LName, SSN, PhysicalAddress, BDate, StoreID) values (63, 'Claudette', 'Kelci', 'Spearett', '404-37-4499', '251 Cambridge Terrace', TO_DATE('09/23/1988', 'MM/DD/YYYY'),3);
insert into Spring23_S003_22_Employee (Emp_ID, FName, MName, LName, SSN, PhysicalAddress, BDate, StoreID) values (64, 'Henka', 'Florry', 'Haylock', '868-16-6250', '1821 Glendale Alley', TO_DATE('01/24/1990', 'MM/DD/YYYY'),4);
insert into Spring23_S003_22_Employee (Emp_ID, FName, MName, LName, SSN, PhysicalAddress, BDate, StoreID) values (65, 'Hildy', 'Dion', 'Banbury', '725-35-3408', '9 Little Fleur Center',TO_DATE( '04/07/1971', 'MM/DD/YYYY'),5);
insert into Spring23_S003_22_Employee (Emp_ID, FName, MName, LName, SSN, PhysicalAddress, BDate, StoreID) values (66, 'Coriss', 'Kathrine', 'Grishenkov', '273-40-3912', '488 Memorial Crossing', TO_DATE('06/03/1989','MM/DD/YYYY'), 6);
insert into Spring23_S003_22_Employee (Emp_ID, FName, MName, LName, SSN, PhysicalAddress, BDate, StoreID) values (67, 'Raye', 'Stephanie', 'Farnworth', '131-96-1746', '01918 Lake View Place', TO_DATE('12/07/1947', 'MM/DD/YYYY'),7);
insert into Spring23_S003_22_Employee (Emp_ID, FName, MName, LName, SSN, PhysicalAddress, BDate, StoreID) values (68, 'Mead', 'Velma', 'Keelinge', '544-18-2474', '1 Heffernan Crossing', TO_DATE('11/26/1951','MM/DD/YYYY'), 8);
insert into Spring23_S003_22_Employee (Emp_ID, FName, MName, LName, SSN, PhysicalAddress, BDate, StoreID) values (69, 'Agnesse', 'Stephannie', 'Humbatch', '238-37-3009', '4169 Morning Trail', TO_DATE('11/19/1943','MM/DD/YYYY'), 9);
insert into Spring23_S003_22_Employee (Emp_ID, FName, MName, LName, SSN, PhysicalAddress, BDate, StoreID) values (70, 'Erika', 'Lu', 'Twort', '554-60-1401', '24646 Pennsylvania Plaza', TO_DATE('08/04/1991', 'MM/DD/YYYY'),10);
insert into Spring23_S003_22_Employee (Emp_ID, FName, MName, LName, SSN, PhysicalAddress, BDate, StoreID) values (71, 'Benjamin', 'Koo', 'Farbrace', '207-37-3188', '8269 Esker Terrace', TO_DATE('05/01/1951', 'MM/DD/YYYY'),11);
insert into Spring23_S003_22_Employee (Emp_ID, FName, MName, LName, SSN, PhysicalAddress, BDate, StoreID) values (72, 'Marsiella', 'Fred', 'Burnhard', '767-15-1489', '88057 Moose Way', TO_DATE('02/24/1959', 'MM/DD/YYYY'),12);
insert into Spring23_S003_22_Employee (Emp_ID, FName, MName, LName, SSN, PhysicalAddress, BDate, StoreID) values (73, 'Joannes', 'Amara', 'Whetnell', '868-78-3046', '19 Hagan Terrace', TO_DATE('09/13/1991', 'MM/DD/YYYY'),13);
insert into Spring23_S003_22_Employee (Emp_ID, FName, MName, LName, SSN, PhysicalAddress, BDate, StoreID) values (74, 'Guenevere', 'Minerva', 'Thomtson', '362-34-2062', '77188 Center Parkway', TO_DATE('12/28/1997', 'MM/DD/YYYY'),14);
insert into Spring23_S003_22_Employee (Emp_ID, FName, MName, LName, SSN, PhysicalAddress, BDate, StoreID) values (75, 'Bee', 'Mariya', 'Sterry', '392-87-0952', '16708 Warrior Drive', TO_DATE('09/08/1978', 'MM/DD/YYYY'),15);
insert into Spring23_S003_22_Employee (Emp_ID, FName, MName, LName, SSN, PhysicalAddress, BDate, StoreID) values (76, 'Adrien', 'Nolie', 'Fisby', '191-54-6718', '3 Luster Parkway', TO_DATE('11/11/1969', 'MM/DD/YYYY'),16);
insert into Spring23_S003_22_Employee (Emp_ID, FName, MName, LName, SSN, PhysicalAddress, BDate, StoreID) values (77, 'Zak', 'Lona', 'Heape', '171-83-4294', '519 Darwin Avenue', TO_DATE('02/19/1972', 'MM/DD/YYYY'),17);
insert into Spring23_S003_22_Employee (Emp_ID, FName, MName, LName, SSN, PhysicalAddress, BDate, StoreID) values (78, 'Evangelin', 'Brynn', 'Coppen', '696-85-1556', '039 Menomonie Circle', TO_DATE('09/05/1966', 'MM/DD/YYYY'),18);
insert into Spring23_S003_22_Employee (Emp_ID, FName, MName, LName, SSN, PhysicalAddress, BDate, StoreID) values (79, 'Joelly', 'Danit', 'Banfill', '760-84-6406', '86 Vernon Junction', TO_DATE('06/20/1996', 'MM/DD/YYYY'),19);
insert into Spring23_S003_22_Employee (Emp_ID, FName, MName, LName, SSN, PhysicalAddress, BDate, StoreID) values (80, 'Padget', 'Sioux', 'Dwire', '146-40-9005', '8 Waubesa Crossing', TO_DATE('09/30/1979', 'MM/DD/YYYY'),20);
insert into Spring23_S003_22_Employee (Emp_ID, FName, MName, LName, SSN, PhysicalAddress, BDate, StoreID) values (81, 'Alisun', 'Sophi', 'Stickings', '398-91-4533', '9688 Talisman Crossing', TO_DATE('01/05/1961', 'MM/DD/YYYY'),21);
insert into Spring23_S003_22_Employee (Emp_ID, FName, MName, LName, SSN, PhysicalAddress, BDate, StoreID) values (82, 'Bobine', 'Erena', 'Ioannidis', '623-03-4858', '0441 Scofield Avenue', TO_DATE('04/19/1962', 'MM/DD/YYYY'),22);
insert into Spring23_S003_22_Employee (Emp_ID, FName, MName, LName, SSN, PhysicalAddress, BDate, StoreID) values (83, 'Rosabel', 'Katina', 'Newbold', '149-60-6756', '4524 Scott Plaza', TO_DATE('07/19/1956', 'MM/DD/YYYY'),23);
insert into Spring23_S003_22_Employee (Emp_ID, FName, MName, LName, SSN, PhysicalAddress, BDate, StoreID) values (84, 'Nariko', 'Raina', 'Mettericke', '127-91-3402', '4763 Golf Crossing', TO_DATE('02/18/1956', 'MM/DD/YYYY'),24);
insert into Spring23_S003_22_Employee (Emp_ID, FName, MName, LName, SSN, PhysicalAddress, BDate, StoreID) values (85, 'Vinny', 'Leonie', 'Estable', '816-02-3704', '941 Jackson Trail', TO_DATE('02/06/1998', 'MM/DD/YYYY'),25);
insert into Spring23_S003_22_Employee (Emp_ID, FName, MName, LName, SSN, PhysicalAddress, BDate, StoreID) values (86, 'Derek', 'Blancha', 'Grealey', '572-13-1814', '125 Hayes Road', TO_DATE('12/22/1954', 'MM/DD/YYYY'),26);
insert into Spring23_S003_22_Employee (Emp_ID, FName, MName, LName, SSN, PhysicalAddress, BDate, StoreID) values (87, 'Emelyne', 'Karly', 'Brudenell', '502-49-7523', '2 Cordelia Drive',TO_DATE( '09/03/1975', 'MM/DD/YYYY'),27);
insert into Spring23_S003_22_Employee (Emp_ID, FName, MName, LName, SSN, PhysicalAddress, BDate, StoreID) values (88, 'Ivor', 'Krystyna', 'McKeller', '488-48-8240', '90039 Burrows Court', TO_DATE('11/13/1959', 'MM/DD/YYYY'),28);
insert into Spring23_S003_22_Employee (Emp_ID, FName, MName, LName, SSN, PhysicalAddress, BDate, StoreID) values (89, 'Aprilette', 'Nicolle', 'Innes', '100-87-2416', '766 Haas Point', TO_DATE('10/16/1974', 'MM/DD/YYYY'),29);
insert into Spring23_S003_22_Employee (Emp_ID, FName, MName, LName, SSN, PhysicalAddress, BDate, StoreID) values (90, 'Fergus', 'Ronalda', 'Cowdery', '648-59-8534', '85 Vidon Avenue', TO_DATE('12/26/1997', 'MM/DD/YYYY'),20);
insert into Spring23_S003_22_Employee (Emp_ID, FName, MName, LName, SSN, PhysicalAddress, BDate, StoreID) values (91, 'Quinn', 'Liz', 'Mufford', '758-78-1834', '97 Ryan Road', TO_DATE('11/05/1988', 'MM/DD/YYYY'),31);
insert into Spring23_S003_22_Employee (Emp_ID, FName, MName, LName, SSN, PhysicalAddress, BDate, StoreID) values (92, 'Alano', 'Rae', 'Maciaszek', '842-49-4372', '64174 Cottonwood Court', TO_DATE('09/13/1963', 'MM/DD/YYYY'),32);
insert into Spring23_S003_22_Employee (Emp_ID, FName, MName, LName, SSN, PhysicalAddress, BDate, StoreID) values (93, 'Mersey', 'Maribel', 'Angrave', '369-22-1158', '7352 Anthes Lane', TO_DATE('03/17/1953', 'MM/DD/YYYY'),33);
insert into Spring23_S003_22_Employee (Emp_ID, FName, MName, LName, SSN, PhysicalAddress, BDate, StoreID) values (94, 'Hermina', 'Jenifer', 'Liversley', '521-75-8781', '87 Pleasure Avenue', TO_DATE('04/27/1965', 'MM/DD/YYYY'),34);
insert into Spring23_S003_22_Employee (Emp_ID, FName, MName, LName, SSN, PhysicalAddress, BDate, StoreID) values (95, 'Leif', 'Joyous', 'Stickins', '168-48-2763', '19462 Waxwing Plaza', TO_DATE('12/02/1969', 'MM/DD/YYYY'),3);
insert into Spring23_S003_22_Employee (Emp_ID, FName, MName, LName, SSN, PhysicalAddress, BDate, StoreID) values (96, 'Laney', 'Natassia', 'Burrows', '725-25-3535', '0 Anthes Court',TO_DATE( '12/24/1968',  'MM/DD/YYYY'),36);
insert into Spring23_S003_22_Employee (Emp_ID, FName, MName, LName, SSN, PhysicalAddress, BDate, StoreID) values (97, 'Gerhardt', 'Perry', 'Woodrough', '291-29-8260', '321 Esker Junction', TO_DATE('12/15/1947', 'MM/DD/YYYY'),37);
insert into Spring23_S003_22_Employee (Emp_ID, FName, MName, LName, SSN, PhysicalAddress, BDate, StoreID) values (98, 'Caspar', 'Lesli', 'Schutt', '722-75-4040', '0463 Dovetail Trail', TO_DATE('12/14/1969', 'MM/DD/YYYY'),3);
insert into Spring23_S003_22_Employee (Emp_ID, FName, MName, LName, SSN, PhysicalAddress, BDate, StoreID) values (99, 'Ronny', 'Nikaniki', 'Skene', '365-20-2402', '51208 Jay Crossing', TO_DATE('06/26/1987', 'MM/DD/YYYY'),9);
insert into Spring23_S003_22_Employee (Emp_ID, FName, MName, LName, SSN, PhysicalAddress, BDate, StoreID) values (100, 'Consuela', 'Willy', 'De Paoli', '882-54-5814', '38 Gale Crossing', TO_DATE('06/21/1981', 'MM/DD/YYYY'),4);
insert into Spring23_S003_22_Employee (Emp_ID, FName, MName, LName, SSN, PhysicalAddress, BDate, StoreID) values (101, 'Aurthur', 'Chryste', 'Collelton', '621-18-2810', '809 Lotheville Way', TO_DATE('11/14/2001', 'MM/DD/YYYY'),41);
insert into Spring23_S003_22_Employee (Emp_ID, FName, MName, LName, SSN, PhysicalAddress, BDate, StoreID) values (102, 'Jonah', 'Christabel', 'Harry', '394-21-0028', '1 Portage Crossing', TO_DATE('10/05/1985', 'MM/DD/YYYY'),42);
insert into Spring23_S003_22_Employee (Emp_ID, FName, MName, LName, SSN, PhysicalAddress, BDate, StoreID) values (103, 'Sandie', 'Laney', 'Bennet', '707-93-4532', '17094 Superior Park', TO_DATE('09/09/1976', 'MM/DD/YYYY'),43);
insert into Spring23_S003_22_Employee (Emp_ID, FName, MName, LName, SSN, PhysicalAddress, BDate, StoreID) values (104, 'Dill', 'Tonia', 'Tolan', '710-91-8887', '245 Carioca Park', TO_DATE('03/27/1971', 'MM/DD/YYYY'),44);
insert into Spring23_S003_22_Employee (Emp_ID, FName, MName, LName, SSN, PhysicalAddress, BDate, StoreID) values (105, 'Christy', 'Velvet', 'Lamkin', '793-03-8470', '500 Reindahl Place', TO_DATE('02/03/1970', 'MM/DD/YYYY'),45);
insert into Spring23_S003_22_Employee (Emp_ID, FName, MName, LName, SSN, PhysicalAddress, BDate, StoreID) values (106, 'Malinda', 'Gena', 'Murch', '469-28-9505', '30 Talmadge Circle', TO_DATE('02/19/1953', 'MM/DD/YYYY'),46);
insert into Spring23_S003_22_Employee (Emp_ID, FName, MName, LName, SSN, PhysicalAddress, BDate, StoreID) values (107, 'Anna-diana', 'Saraann', 'Greaser', '273-66-4261', '52 Hazelcrest Parkway',TO_DATE( '07/29/1971', 'MM/DD/YYYY'),47);
insert into Spring23_S003_22_Employee (Emp_ID, FName, MName, LName, SSN, PhysicalAddress, BDate, StoreID) values (108, 'Hercules', 'Collette', 'Barti', '582-94-2745', '3 Victoria Trail', TO_DATE('01/03/1948', 'MM/DD/YYYY'),48);
insert into Spring23_S003_22_Employee (Emp_ID, FName, MName, LName, SSN, PhysicalAddress, BDate, StoreID) values (109, 'Gordie', 'Ruthie', 'Grosvener', '648-56-1741', '666 Pepper Wood Court', TO_DATE('08/15/1981', 'MM/DD/YYYY'),49);
insert into Spring23_S003_22_Employee (Emp_ID, FName, MName, LName, SSN, PhysicalAddress, BDate, StoreID) values (110, 'Dynah', 'Calypso', 'Paolinelli', '378-07-0354', '14 Valley Edge Circle', TO_DATE('10/17/1963', 'MM/DD/YYYY'),50);
insert into Spring23_S003_22_Employee (Emp_ID, FName, MName, LName, SSN, PhysicalAddress, BDate, StoreID) values (111 ,'Scarlet', 'Amalia', 'Orro', '561-92-7658', '94 Rutledge Avenue', TO_DATE('09/09/1963', 'MM/DD/YYYY'),51);
insert into Spring23_S003_22_Employee (Emp_ID, FName, MName, LName, SSN, PhysicalAddress, BDate, StoreID) values (112, 'Di', 'Theodosia', 'Twiddle', '131-44-8481', '24 Paget Parkway', TO_DATE('12/17/1960', 'MM/DD/YYYY'),5);
insert into Spring23_S003_22_Employee (Emp_ID, FName, MName, LName, SSN, PhysicalAddress, BDate, StoreID) values (113, 'Evanne', 'Grier', 'Durnan', '127-28-5359', '79487 Jenna Crossing', TO_DATE('08/30/1976', 'MM/DD/YYYY'),53);
insert into Spring23_S003_22_Employee (Emp_ID, FName, MName, LName, SSN, PhysicalAddress, BDate, StoreID) values (114, 'Denise', 'Lorinda', 'Storch', '879-17-0396', '405 Charing Cross Lane', TO_DATE('12/31/1996', 'MM/DD/YYYY'),54);
insert into Spring23_S003_22_Employee (Emp_ID, FName, MName, LName, SSN, PhysicalAddress, BDate, StoreID) values (115, 'Ulick', 'Norene', 'Sailor', '117-73-4803', '56110 Memorial Trail', TO_DATE('07/19/1957', 'MM/DD/YYYY'),55);
insert into Spring23_S003_22_Employee (Emp_ID, FName, MName, LName, SSN, PhysicalAddress, BDate, StoreID) values (116, 'Rheba', 'Dorolice', 'Lumsdaine', '828-70-7820', '5429 Fuller Drive',TO_DATE( '08/26/1956', 'MM/DD/YYYY'),56);
insert into Spring23_S003_22_Employee (Emp_ID, FName, MName, LName, SSN, PhysicalAddress, BDate, StoreID) values (117, 'Price', 'Helenelizabeth', 'Hucker', '117-60-3947', '413 Buell Circle', TO_DATE('07/28/1972', 'MM/DD/YYYY'),57);
insert into Spring23_S003_22_Employee (Emp_ID, FName, MName, LName, SSN, PhysicalAddress, BDate, StoreID) values (118, 'Harriet', 'Madelle', 'Feary', '801-40-0456', '1 Susan Court', TO_DATE('09/10/1947', 'MM/DD/YYYY'),58);
insert into Spring23_S003_22_Employee (Emp_ID, FName, MName, LName, SSN, PhysicalAddress, BDate, StoreID) values (119, 'Florry', 'Noni', 'Hostan', '664-82-3229', '96690 Arizona Court', TO_DATE('11/26/1969', 'MM/DD/YYYY'),59);
insert into Spring23_S003_22_Employee (Emp_ID, FName, MName, LName, SSN, PhysicalAddress, BDate, StoreID) values (120, 'Dido', 'Daisy', 'Churching', '701-15-5228', '94543 Warrior Court', TO_DATE('12/19/1950', 'MM/DD/YYYY'),60);
insert into Spring23_S003_22_Employee (Emp_ID, FName, MName, LName, SSN, PhysicalAddress, BDate, StoreID) values (121, 'Brian', 'Mariska', 'Matteuzzi', '580-83-8686', '228 Kim Hill',TO_DATE( '03/14/1980', 'MM/DD/YYYY'),1);
insert into Spring23_S003_22_Employee (Emp_ID, FName, MName, LName, SSN, PhysicalAddress, BDate, StoreID) values (122, 'Sacha', 'Jamie', 'Dreinan', '831-84-1057', '03194 Debra Lane',TO_DATE( '12/28/1954','MM/DD/YYYY'), 2);
insert into Spring23_S003_22_Employee (Emp_ID, FName, MName, LName, SSN, PhysicalAddress, BDate, StoreID) values (123, 'Archy', 'Tanitansy', 'Philipsson', '478-10-4196', '7 Mendota Junction',TO_DATE( '05/31/1971', 'MM/DD/YYYY'),3);
insert into Spring23_S003_22_Employee (Emp_ID, FName, MName, LName, SSN, PhysicalAddress, BDate, StoreID) values (124, 'Enrichetta', 'Ashlen', 'Cockshtt', '528-39-7025', '0 Golf Course Road', TO_DATE('02/09/1990', 'MM/DD/YYYY'),4);
insert into Spring23_S003_22_Employee (Emp_ID, FName, MName, LName, SSN, PhysicalAddress, BDate, StoreID) values (125, 'Stormy', 'Thelma', 'Halley', '674-09-8010', '6999 Clarendon Park', TO_DATE('04/16/1964', 'MM/DD/YYYY'),5);
insert into Spring23_S003_22_Employee (Emp_ID, FName, MName, LName, SSN, PhysicalAddress, BDate, StoreID) values (126, 'Ariel', 'Margo', 'Kissack', '532-65-3802', '2 Michigan Road', TO_DATE('09/03/1947', 'MM/DD/YYYY'),6);
insert into Spring23_S003_22_Employee (Emp_ID, FName, MName, LName, SSN, PhysicalAddress, BDate, StoreID) values (127, 'Cathrin', 'Danni', 'Britto', '373-54-0503', '6202 Pepper Wood Lane', TO_DATE('12/25/1956','MM/DD/YYYY'), 1);
insert into Spring23_S003_22_Employee (Emp_ID, FName, MName, LName, SSN, PhysicalAddress, BDate, StoreID) values (128, 'Adah', 'Aarika', 'Cartman', '772-39-4390', '56 Cherokee Hill', TO_DATE('07/27/1987', 'MM/DD/YYYY'),8);
insert into Spring23_S003_22_Employee (Emp_ID, FName, MName, LName, SSN, PhysicalAddress, BDate, StoreID) values (129, 'Tiffany', 'Denys', 'Sagerson', '889-53-4354', '8555 Florence Junction', TO_DATE('09/15/1948','MM/DD/YYYY'), 9);
insert into Spring23_S003_22_Employee (Emp_ID, FName, MName, LName, SSN, PhysicalAddress, BDate, StoreID) values (130, 'Norbert', 'Barry', 'Ledger', '832-18-4331', '83318 Jackson Pass', TO_DATE('07/29/1978', 'MM/DD/YYYY'),10);
insert into Spring23_S003_22_Employee (Emp_ID, FName, MName, LName, SSN, PhysicalAddress, BDate, StoreID) values (131, 'Ax', 'Vernice', 'Fuke', '748-27-6422', '0765 Del Sol Way', TO_DATE('07/23/1978', 'MM/DD/YYYY'),11);
insert into Spring23_S003_22_Employee (Emp_ID, FName, MName, LName, SSN, PhysicalAddress, BDate, StoreID) values (132, 'Percival', 'Eyde', 'Mushet', '731-13-4233', '5 Columbus Court', TO_DATE('06/19/1953', 'MM/DD/YYYY'),12);
insert into Spring23_S003_22_Employee (Emp_ID, FName, MName, LName, SSN, PhysicalAddress, BDate, StoreID) values (133, 'Noby', 'Celle', 'Wardhaugh', '492-05-8687', '376 Hagan Terrace', TO_DATE('04/30/1967', 'MM/DD/YYYY'),13);
insert into Spring23_S003_22_Employee (Emp_ID, FName, MName, LName, SSN, PhysicalAddress, BDate, StoreID) values (134, 'Lindsy', 'Marina', 'Shaw', '621-23-8315', '741 School Street', TO_DATE('01/08/1969', 'MM/DD/YYYY'),14);
insert into Spring23_S003_22_Employee (Emp_ID, FName, MName, LName, SSN, PhysicalAddress, BDate, StoreID) values (135, 'Sheridan', 'Gill', 'Gard', '656-10-2198', '5507 Esch Lane',TO_DATE( '07/24/1999', 'MM/DD/YYYY'),15);
insert into Spring23_S003_22_Employee (Emp_ID, FName, MName, LName, SSN, PhysicalAddress, BDate, StoreID) values (136, 'Johannes', 'Hettie', 'Bellocht', '617-02-4767', '4639 Independence Alley', TO_DATE('09/02/1994','MM/DD/YYYY'), 16);
insert into Spring23_S003_22_Employee (Emp_ID, FName, MName, LName, SSN, PhysicalAddress, BDate, StoreID) values (137, 'Evvy', 'Teriann', 'Ansley', '257-75-0924', '7 Florence Trail', TO_DATE('07/11/1964', 'MM/DD/YYYY'),17);
insert into Spring23_S003_22_Employee (Emp_ID, FName, MName, LName, SSN, PhysicalAddress, BDate, StoreID) values (138, 'Matelda', 'Miranda', 'Lages', '801-59-0083', '4099 Derek Drive', TO_DATE('08/04/1971', 'MM/DD/YYYY'),18);
insert into Spring23_S003_22_Employee (Emp_ID, FName, MName, LName, SSN, PhysicalAddress, BDate, StoreID) values (139, 'Angil', 'Blinnie', 'Martel', '474-40-1887', '6 Del Mar Road', TO_DATE('02/16/1995', 'MM/DD/YYYY'),19);
insert into Spring23_S003_22_Employee (Emp_ID, FName, MName, LName, SSN, PhysicalAddress, BDate, StoreID) values (140, 'Jessica', 'Denys', 'Treker', '769-46-0892', '5 Scott Point', TO_DATE('02/07/1988', 'MM/DD/YYYY'),20);
insert into Spring23_S003_22_Employee (Emp_ID, FName, MName, LName, SSN, PhysicalAddress, BDate, StoreID) values (141, 'Byran', 'Sioux', 'Nowakowski', '477-34-2495', '02 Crescent Oaks Circle', TO_DATE('07/29/1965', 'MM/DD/YYYY'),21);
insert into Spring23_S003_22_Employee (Emp_ID, FName, MName, LName, SSN, PhysicalAddress, BDate, StoreID) values (142, 'Jojo', 'Joelie', 'Bendare', '684-82-7336', '4663 Boyd Terrace', TO_DATE('04/03/1963', 'MM/DD/YYYY'),22);
insert into Spring23_S003_22_Employee (Emp_ID, FName, MName, LName, SSN, PhysicalAddress, BDate, StoreID) values (143, 'Ayn', 'Cathlene', 'Matysik', '896-71-2378', '4800 Hooker Center', TO_DATE('02/23/1976', 'MM/DD/YYYY'),23);
insert into Spring23_S003_22_Employee (Emp_ID, FName, MName, LName, SSN, PhysicalAddress, BDate, StoreID) values (144, 'Glenine', 'Lonna', 'Glanister', '591-24-9584', '9234 Welch Hill', TO_DATE('04/07/1955', 'MM/DD/YYYY'),24);
insert into Spring23_S003_22_Employee (Emp_ID, FName, MName, LName, SSN, PhysicalAddress, BDate, StoreID) values (145, 'Barnabe', 'Malena', 'Dannatt', '581-73-0298', '19905 Macpherson Parkway', TO_DATE('10/01/1960', 'MM/DD/YYYY'),25);
insert into Spring23_S003_22_Employee (Emp_ID, FName, MName, LName, SSN, PhysicalAddress, BDate, StoreID) values (146, 'Augusto', 'Giorgia', 'Baleine', '896-59-3688', '18819 Stephen Plaza', TO_DATE('12/16/1952', 'MM/DD/YYYY'),26);
insert into Spring23_S003_22_Employee (Emp_ID, FName, MName, LName, SSN, PhysicalAddress, BDate, StoreID) values (147, 'Jehanna', 'Lexine', 'Tabor', '416-53-0498', '023 Straubel Plaza', TO_DATE('02/04/200', 'MM/DD/YYYY'),27);
insert into Spring23_S003_22_Employee (Emp_ID, FName, MName, LName, SSN, PhysicalAddress, BDate, StoreID) values (148, 'Whitney', 'Amie', 'Jirzik', '740-99-8486', '07 Del Mar Alley', TO_DATE('11/21/1985', 'MM/DD/YYYY'),28);
insert into Spring23_S003_22_Employee (Emp_ID, FName, MName, LName, SSN, PhysicalAddress, BDate, StoreID) values (149, 'Heidie', 'Robinette', 'Puller', '889-09-8196', '5804 Veith Park', TO_DATE('12/29/1989', 'MM/DD/YYYY'),29);
insert into Spring23_S003_22_Employee (Emp_ID, FName, MName, LName, SSN, PhysicalAddress, BDate, StoreID) values (150, 'Renad,o', 'Henriette', 'Shepard', '663-96-3424', '4 Macpherson Court',TO_DATE( '03/01/1963', 'MM/DD/YYYY'),30);
insert into Spring23_S003_22_Employee (Emp_ID, FName, MName, LName, SSN, PhysicalAddress, BDate, StoreID) values (151 ,'Matt', 'Valene', 'Dunstone', '615-74-8155', '5891 Marquette Trail', TO_DATE('12/27/1968', 'MM/DD/YYYY'),31);
insert into Spring23_S003_22_Employee (Emp_ID, FName, MName, LName, SSN, PhysicalAddress, BDate, StoreID) values (152, 'Brenn', 'Augusta', 'Flanagan', '584-42-1960', '4 Brickson Park Point', TO_DATE('4/12/1975', 'MM/DD/YYYY'),32);
insert into Spring23_S003_22_Employee (Emp_ID, FName, MName, LName, SSN, PhysicalAddress, BDate, StoreID) values (153, 'Carolus', 'Edithe', 'Stachini', '749-88-3818', '88 Westridge Lane', TO_DATE('02/6/1949', 'MM/DD/YYYY'),33);
insert into Spring23_S003_22_Employee (Emp_ID, FName, MName, LName, SSN, PhysicalAddress, BDate, StoreID) values (154, 'Kayla', 'Emmeline', 'Linkie', '398-37-8256', '5205 Mesta Drive', TO_DATE('12/16/1985', 'MM/DD/YYYY'),4);
insert into Spring23_S003_22_Employee (Emp_ID, FName, MName, LName, SSN, PhysicalAddress, BDate, StoreID) values (155, 'Blinny', 'Agnes', 'Burgoyne', '218-85-8299', '82 Sugar Alley', TO_DATE('02/22/1947', 'MM/DD/YYYY'),35);
insert into Spring23_S003_22_Employee (Emp_ID, FName, MName, LName, SSN, PhysicalAddress, BDate, StoreID) values (156, 'Burnaby', 'Jodie', 'Clawsley', '219-78-5356', '7968 Mifflin Crossing', TO_DATE('05/05/1951', 'MM/DD/YYYY'),36);
insert into Spring23_S003_22_Employee (Emp_ID, FName, MName, LName, SSN, PhysicalAddress, BDate, StoreID) values (157, 'Mauricio', 'Joete', 'Filipowicz', '805-99-3967', '5 Elka Parkway', TO_DATE('01/27/1975','MM/DD/YYYY'),37);
insert into Spring23_S003_22_Employee (Emp_ID, FName, MName, LName, SSN, PhysicalAddress, BDate, StoreID) values (158, 'Harp', 'Fifine', 'Dobinson', '417-28-8174', '681 Sutteridge Center', TO_DATE('01/05/1989', 'MM/DD/YYYY'),38);
insert into Spring23_S003_22_Employee (Emp_ID, FName, MName, LName, SSN, PhysicalAddress, BDate, StoreID) values (159, 'Katrinka', 'Norry', 'Allston', '609-71-6399', '3 Kennedy Road', TO_DATE('10/29/1978', 'MM/DD/YYYY'),39);
insert into Spring23_S003_22_Employee (Emp_ID, FName, MName, LName, SSN, PhysicalAddress, BDate, StoreID) values (160, 'Olivie', 'Calla', 'Howey', '173-95-2634', '001 Badeau Point', TO_DATE('10/26/1947', 'MM/DD/YYYY'),40);
insert into Spring23_S003_22_Employee (Emp_ID, FName, MName, LName, SSN, PhysicalAddress, BDate, StoreID) values (161, 'Ingelbert', 'Vivianna', 'Gianettini', '282-42-2781', '118 Emmet Place', TO_DATE('09/24/1988', 'MM/DD/YYYY'),41);
insert into Spring23_S003_22_Employee (Emp_ID, FName, MName, LName, SSN, PhysicalAddress, BDate, StoreID) values (162, 'Dukie', 'Kristin', 'Schimoni', '279-21-2942', '7885 Brown Way', TO_DATE('10/11/1950', 'MM/DD/YYYY'),42);
insert into Spring23_S003_22_Employee (Emp_ID, FName, MName, LName, SSN, PhysicalAddress, BDate, StoreID) values (163, 'Egan', 'Marris', 'Gladman', '203-05-3150', '0 Erie Avenue',TO_DATE( '08/06/1956', 'MM/DD/YYYY'),43);
insert into Spring23_S003_22_Employee (Emp_ID, FName, MName, LName, SSN, PhysicalAddress, BDate, StoreID) values (164, 'Eddi', 'Celia', 'Flockhart', '314-80-1844', '9682 Goodland Park', TO_DATE('12/17/1997', 'MM/DD/YYYY'),44);
insert into Spring23_S003_22_Employee (Emp_ID, FName, MName, LName, SSN, PhysicalAddress, BDate, StoreID) values (165, 'Roland', 'Ursuline', 'Holdey', '679-56-1053', '51620 Autumn Leaf Drive', TO_DATE('11/27/1987', 'MM/DD/YYYY'),45);
insert into Spring23_S003_22_Employee (Emp_ID, FName, MName, LName, SSN, PhysicalAddress, BDate, StoreID) values (166, 'Barney', 'Harrie', 'Parriss', '550-30-8646', '7 Ruskin Circle', TO_DATE('11/11/1953', 'MM/DD/YYYY'),46);
insert into Spring23_S003_22_Employee (Emp_ID, FName, MName, LName, SSN, PhysicalAddress, BDate, StoreID) values (167, 'Kaila', 'Allis', 'McCarron', '636-32-9166', '22 Nobel Hill', TO_DATE('05/03/1977', 'MM/DD/YYYY'),47);
insert into Spring23_S003_22_Employee (Emp_ID, FName, MName, LName, SSN, PhysicalAddress, BDate, StoreID) values (168, 'Thorstein', 'Rhetta', 'Saunder', '640-82-7240', '0820 Stuart Point', TO_DATE('06/28/1967', 'MM/DD/YYYY'),48);
insert into Spring23_S003_22_Employee (Emp_ID, FName, MName, LName, SSN, PhysicalAddress, BDate, StoreID) values (169, 'Herta', 'Marlyn', 'Lines', '143-31-5710', '48931 Harper Alley', TO_DATE('07/31/1979', 'MM/DD/YYYY'),49);
insert into Spring23_S003_22_Employee (Emp_ID, FName, MName, LName, SSN, PhysicalAddress, BDate, StoreID) values (170, 'Saunder', 'Jobi', 'Cowndley', '271-35-2189', '16262 Hanover Point', TO_DATE('04/29/1962', 'MM/DD/YYYY'),50);
insert into Spring23_S003_22_Employee (Emp_ID, FName, MName, LName, SSN, PhysicalAddress, BDate, StoreID) values (171, 'Davy', 'Amity', 'Styche', '390-42-7506', '79 Amoth Lane', TO_DATE('02/09/1955', 'MM/DD/YYYY'),51);
insert into Spring23_S003_22_Employee (Emp_ID, FName, MName, LName, SSN, PhysicalAddress, BDate, StoreID) values (172, 'Rossy', 'Susann', 'Loades', '715-49-0844', '30457 Prentice Road', TO_DATE('02/24/1960', 'MM/DD/YYYY'),52);
insert into Spring23_S003_22_Employee (Emp_ID, FName, MName, LName, SSN, PhysicalAddress, BDate, StoreID) values (173, 'Carissa', 'Lianne', 'Clissell', '512-73-8351', '17 Lindbergh Plaza', TO_DATE('03/9/1982', 'MM/DD/YYYY'),53);
insert into Spring23_S003_22_Employee (Emp_ID, FName, MName, LName, SSN, PhysicalAddress, BDate, StoreID) values (174, 'Valaree', 'Mirna', 'Sixsmith', '890-79-4504', '621 Green Terrace', TO_DATE('12/29/1981', 'MM/DD/YYYY'),54);
insert into Spring23_S003_22_Employee (Emp_ID, FName, MName, LName, SSN, PhysicalAddress, BDate, StoreID) values (175, 'Josy', 'Wileen', 'Thurman', '231-51-1488', '2 Anhalt Park', TO_DATE('06/11/1969', 'MM/DD/YYYY'),55);
insert into Spring23_S003_22_Employee (Emp_ID, FName, MName, LName, SSN, PhysicalAddress, BDate, StoreID) values (176, 'Erasmus', 'Johanna', 'Persitt', '389-79-4855', '0332 Bunker Hill Terrace', TO_DATE('05/19/1982', 'MM/DD/YYYY'),56);
insert into Spring23_S003_22_Employee (Emp_ID, FName, MName, LName, SSN, PhysicalAddress, BDate, StoreID) values (177, 'Danell', 'Lorita', 'Witz', '590-62-3528', '04941 Ramsey Parkway', TO_DATE('09/07/1983', 'MM/DD/YYYY'),57);
insert into Spring23_S003_22_Employee (Emp_ID, FName, MName, LName, SSN, PhysicalAddress, BDate, StoreID) values (178, 'Cristobal', 'Corabelle', 'Stener', '799-48-3830', '1330 Duke Lane', TO_DATE('07/23/1993', 'MM/DD/YYYY'),58);
insert into Spring23_S003_22_Employee (Emp_ID, FName, MName, LName, SSN, PhysicalAddress, BDate, StoreID) values (179, 'Daryn', 'Camellia', 'Heams', '133-32-8294', '10187 Parkside Junction', TO_DATE('03/07/1986', 'MM/DD/YYYY'),59);
insert into Spring23_S003_22_Employee (Emp_ID, FName, MName, LName, SSN, PhysicalAddress, BDate, StoreID) values (180, 'Benson', 'Jan', 'De Beauchamp', '436-11-1361', '82 Arizona Park', TO_DATE('04/06/1968','MM/DD/YYYY'),60);
insert into Spring23_S003_22_Employee (Emp_ID, FName, MName, LName, SSN, PhysicalAddress, BDate, StoreID) values (181, 'Fabian', 'Margaretha', 'Gerred', '249-85-2542', '9 Forest Dale Hill', TO_DATE('01/14/1991', 'MM/DD/YYYY'),1);
insert into Spring23_S003_22_Employee (Emp_ID, FName, MName, LName, SSN, PhysicalAddress, BDate, StoreID) values (182, 'Worthington', 'Taryn', 'Copson', '753-29-6032', '1 Glacier Hill Way', TO_DATE('07/05/1983', 'MM/DD/YYYY'),2);
insert into Spring23_S003_22_Employee (Emp_ID, FName, MName, LName, SSN, PhysicalAddress, BDate, StoreID) values (183, 'Lothaire', 'Laurette', 'Guilbert', '614-18-0135', '21239 Vera Plaza', TO_DATE('07/08/1971', 'MM/DD/YYYY'),3);
insert into Spring23_S003_22_Employee (Emp_ID, FName, MName, LName, SSN, PhysicalAddress, BDate, StoreID) values (184, 'Hamil', 'Layne', 'Bentley', '699-99-2431', '6209 Dunning Junction', TO_DATE('12/04/1956', 'MM/DD/YYYY'),4);
insert into Spring23_S003_22_Employee (Emp_ID, FName, MName, LName, SSN, PhysicalAddress, BDate, StoreID) values (185, 'Allayne', 'Rose', 'Klemencic', '279-97-4445', '2 Vahlen Parkway', TO_DATE('01/14/1952', 'MM/DD/YYYY'),5);
insert into Spring23_S003_22_Employee (Emp_ID, FName, MName, LName, SSN, PhysicalAddress, BDate, StoreID) values (186, 'Marita', 'Andree', 'Brydie', '303-73-7596', '80 Grim Drive',TO_DATE( '10/06/1995', 'MM/DD/YYYY'),6);
insert into Spring23_S003_22_Employee (Emp_ID, FName, MName, LName, SSN, PhysicalAddress, BDate, StoreID) values (187, 'Estevan', 'Consuela', 'Burchatt', '311-41-1132', '54216 Eagan Alley', TO_DATE('03/23/1944', 'MM/DD/YYYY'),7);
insert into Spring23_S003_22_Employee (Emp_ID, FName, MName, LName, SSN, PhysicalAddress, BDate, StoreID) values (188, 'Jeanelle', 'Marcellina', 'Walder', '627-64-5282', '5140 Randy Avenue', TO_DATE('05/07/1990', 'MM/DD/YYYY'),8);
insert into Spring23_S003_22_Employee (Emp_ID, FName, MName, LName, SSN, PhysicalAddress, BDate, StoreID) values (189, 'Bartholomeo', 'Aridatha', 'O''Hare', '542-38-6234', '46165 Scott Place', TO_DATE('09/14/1983', 'MM/DD/YYYY'),9);
insert into Spring23_S003_22_Employee (Emp_ID, FName, MName, LName, SSN, PhysicalAddress, BDate, StoreID) values (190, 'Elvera', 'Rheba', 'Abys', '633-76-7659', '62 Emmet Avenue',TO_DATE( '09/05/1995', 'MM/DD/YYYY'),10);
insert into Spring23_S003_22_Employee (Emp_ID, FName, MName, LName, SSN, PhysicalAddress, BDate, StoreID) values (191, 'Deloris', 'Deana', 'Deniscke', '831-39-2820', '2 Hintze Circle', TO_DATE('04/01/1962', 'MM/DD/YYYY'),11);
insert into Spring23_S003_22_Employee (Emp_ID, FName, MName, LName, SSN, PhysicalAddress, BDate, StoreID) values (192, 'Jobi', 'Felisha', 'Godwin', '738-88-2853', '97622 Gina Drive', TO_DATE('12/11/1999', 'MM/DD/YYYY'),12);
insert into Spring23_S003_22_Employee (Emp_ID, FName, MName, LName, SSN, PhysicalAddress, BDate, StoreID) values (193, 'Wilfred', 'Laurie', 'Dewerson', '109-47-3552', '3964 Steensland Court', TO_DATE('02/11/1978', 'MM/DD/YYYY'),13);
insert into Spring23_S003_22_Employee (Emp_ID, FName, MName, LName, SSN, PhysicalAddress, BDate, StoreID) values (194, 'Jennee', 'Juieta', 'Clarricoates', '689-69-8603', '27 Lawn Court', TO_DATE('07/05/1989', 'MM/DD/YYYY'),14);
insert into Spring23_S003_22_Employee (Emp_ID, FName, MName, LName, SSN, PhysicalAddress, BDate, StoreID) values (195, 'Fleur', 'Sherline', 'Sirey', '107-52-7428', '17115 Weeping Birch Trail', TO_DATE('01/23/1954', 'MM/DD/YYYY'),15);
insert into Spring23_S003_22_Employee (Emp_ID, FName, MName, LName, SSN, PhysicalAddress, BDate, StoreID) values (196, 'Rachael', 'Georgette', 'Bendik', '371-74-2860', '54 Kenwood Pass', TO_DATE('07/05/1950', 'MM/DD/YYYY'),16);
insert into Spring23_S003_22_Employee (Emp_ID, FName, MName, LName, SSN, PhysicalAddress, BDate, StoreID) values (197, 'Sheri', 'Devora', 'Laurie', '552-71-2210', '82840 Starling Way', TO_DATE('07/14/1969', 'MM/DD/YYYY'),17);
insert into Spring23_S003_22_Employee (Emp_ID, FName, MName, LName, SSN, PhysicalAddress, BDate, StoreID) values (198, 'Keriann', 'Kimmy', 'Antosch', '588-52-6707', '90757 Weeping Birch Terrace', TO_DATE('02/07/1983', 'MM/DD/YYYY'),18);
insert into Spring23_S003_22_Employee (Emp_ID, FName, MName, LName, SSN, PhysicalAddress, BDate, StoreID) values (199, 'Lucila', 'Kelcie', 'Burchill', '766-56-4403', '316 Oriole Terrace', TO_DATE('06/30/2001', 'MM/DD/YYYY'),19);
insert into Spring23_S003_22_Employee (Emp_ID, FName, MName, LName, SSN, PhysicalAddress, BDate, StoreID) values (200, 'Sharona', 'Kathleen', 'Bumpus', '519-13-3288', '99435 Boyd Center', TO_DATE('05/24/1957', 'MM/DD/YYYY'),20);
insert into Spring23_S003_22_Employee (Emp_ID, FName, MName, LName, SSN, PhysicalAddress, BDate, StoreID) values (201, 'Tiena', 'Konstance', 'Negro', '839-18-0174', '3 Artisan Plaza', TO_DATE('07/26/1947','MM/DD/YYYY'),21);
insert into Spring23_S003_22_Employee (Emp_ID, FName, MName, LName, SSN, PhysicalAddress, BDate, StoreID) values (202, 'Winston', 'Sonja', 'Banbury', '557-39-0815', '4 Onsgard Center', TO_DATE('06/27/1956', 'MM/DD/YYYY'),22);
insert into Spring23_S003_22_Employee (Emp_ID, FName, MName, LName, SSN, PhysicalAddress, BDate, StoreID) values (203, 'Felipa', 'Kalina', 'Kinsell', '297-47-1344', '20532 Dorton Court', TO_DATE('01/16/1967', 'MM/DD/YYYY'),23);
insert into Spring23_S003_22_Employee (Emp_ID, FName, MName, LName, SSN, PhysicalAddress, BDate, StoreID) values (204, 'Goober', 'Emmalee', 'Hasson', '169-56-4643', '79230 Golf Park', TO_DATE('03/11/2000', 'MM/DD/YYYY'),24);
insert into Spring23_S003_22_Employee (Emp_ID, FName, MName, LName, SSN, PhysicalAddress, BDate, StoreID) values (205, 'Barnett', 'Rora', 'Skipworth', '448-23-9743', '0 Donald Street', TO_DATE('07/11/1984', 'MM/DD/YYYY'),25);
insert into Spring23_S003_22_Employee (Emp_ID, FName, MName, LName, SSN, PhysicalAddress, BDate, StoreID) values (206, 'Gelya', 'Bryn', 'Kiehne', '386-88-7241', '2 Harbort Crossing', TO_DATE('03/06/1982', 'MM/DD/YYYY'),26);
insert into Spring23_S003_22_Employee (Emp_ID, FName, MName, LName, SSN, PhysicalAddress, BDate, StoreID) values (207, 'Alfons', 'Shay', 'Oke', '622-87-3373', '5 Dwight Terrace', TO_DATE('02/17/1961', 'MM/DD/YYYY'),27);
insert into Spring23_S003_22_Employee (Emp_ID, FName, MName, LName, SSN, PhysicalAddress, BDate, StoreID) values (208, 'Yvon', 'Cass', 'Mangon', '568-08-7940', '17 Anniversary Drive', TO_DATE('03/04/2000', 'MM/DD/YYYY'),28);
insert into Spring23_S003_22_Employee (Emp_ID, FName, MName, LName, SSN, PhysicalAddress, BDate, StoreID) values (209, 'Christoforo', 'Cheri', 'Maharg', '709-96-9752', '4 Blue Bill Park Place', TO_DATE('02/23/1977', 'MM/DD/YYYY'),29);
insert into Spring23_S003_22_Employee (Emp_ID, FName, MName, LName, SSN, PhysicalAddress, BDate, StoreID) values (210, 'Marlyn', 'Courtney', 'Formie', '466-82-7364', '3 Warner Center', TO_DATE('06/09/1954', 'MM/DD/YYYY'),30);
insert into Spring23_S003_22_Employee (Emp_ID, FName, MName, LName, SSN, PhysicalAddress, BDate, StoreID) values (211, 'Renell', 'Arielle', 'Grout', '652-95-6498', '5 Sage Parkway', TO_DATE('01/1/1979', 'MM/DD/YYYY'),31);
insert into Spring23_S003_22_Employee (Emp_ID, FName, MName, LName, SSN, PhysicalAddress, BDate, StoreID) values (212, 'Emlen', 'Rosalie', 'Nealey', '159-18-4063', '8125 Stoughton Alley', TO_DATE('12/09/1945', 'MM/DD/YYYY'),32);
insert into Spring23_S003_22_Employee (Emp_ID, FName, MName, LName, SSN, PhysicalAddress, BDate, StoreID) values (213, 'Paul', 'Mildred', 'Fairbard', '383-10-1386', '72 Loftsgordon Lane', TO_DATE('04/04/1943', 'MM/DD/YYYY'),33);
insert into Spring23_S003_22_Employee (Emp_ID, FName, MName, LName, SSN, PhysicalAddress, BDate, StoreID) values (214, 'Silvia', 'Esme', 'Kinghorne', '541-54-1283', '59 Almo Point', TO_DATE('08/07/1974', 'MM/DD/YYYY'),34);
insert into Spring23_S003_22_Employee (Emp_ID, FName, MName, LName, SSN, PhysicalAddress, BDate, StoreID) values (215, 'Cherie', 'Marley', 'Amos', '225-83-5691', '07718 Rowland Crossing', TO_DATE('06/12/1958', 'MM/DD/YYYY'),35);
insert into Spring23_S003_22_Employee (Emp_ID, FName, MName, LName, SSN, PhysicalAddress, BDate, StoreID) values (216, 'Rosalinda', 'Moll', 'Jarritt', '533-10-1529', '286 Delladonna Parkway', TO_DATE('01/08/1957', 'MM/DD/YYYY'),36);
insert into Spring23_S003_22_Employee (Emp_ID, FName, MName, LName, SSN, PhysicalAddress, BDate, StoreID) values (217, 'Emory', 'Aprilette', 'Faloon', '448-57-6913', '27174 Texas Center', TO_DATE('06/29/1962', 'MM/DD/YYYY'),37);
insert into Spring23_S003_22_Employee (Emp_ID, FName, MName, LName, SSN, PhysicalAddress, BDate, StoreID) values (218, 'Allen', 'Dyna', 'Gerran', '420-59-4470', '58 Glendale Place',TO_DATE( '08/03/1969', 'MM/DD/YYYY'),38);
insert into Spring23_S003_22_Employee (Emp_ID, FName, MName, LName, SSN, PhysicalAddress, BDate, StoreID) values (219, 'Orren', 'Gayla', 'Goode', '207-45-1434', '0892 Golf View Court', TO_DATE('11/30/1990', 'MM/DD/YYYY'),39);
insert into Spring23_S003_22_Employee (Emp_ID, FName, MName, LName, SSN, PhysicalAddress, BDate, StoreID) values (220, 'Tallia', 'Arlina', 'O''Duggan', '328-88-2068', '8 Hermina Hill', TO_DATE('04/09/1957', 'MM/DD/YYYY'),40);
insert into Spring23_S003_22_Employee (Emp_ID, FName, MName, LName, SSN, PhysicalAddress, BDate, StoreID) values (221, 'Rorke', 'Michaela', 'Lethabridge', '545-94-0090', '8 Toban Junction', TO_DATE('11/30/1976', 'MM/DD/YYYY'),41);
insert into Spring23_S003_22_Employee (Emp_ID, FName, MName, LName, SSN, PhysicalAddress, BDate, StoreID) values (222, 'Randie', 'Lynna', 'Horrigan', '870-10-0622', '201 Logan Road', TO_DATE('08/18/1970', 'MM/DD/YYYY'),42);
insert into Spring23_S003_22_Employee (Emp_ID, FName, MName, LName, SSN, PhysicalAddress, BDate, StoreID) values (223, 'Hephzibah', 'Beatrix', 'Playfoot', '240-12-2215', '1 Village Green Place', TO_DATE('08/05/1990', 'MM/DD/YYYY'),43);
insert into Spring23_S003_22_Employee (Emp_ID, FName, MName, LName, SSN, PhysicalAddress, BDate, StoreID) values (224, 'Glory', 'Octavia', 'Widd', '253-28-1537', '6712 7th Crossing', TO_DATE('01/31/1951', 'MM/DD/YYYY'),44);
insert into Spring23_S003_22_Employee (Emp_ID, FName, MName, LName, SSN, PhysicalAddress, BDate, StoreID) values (225, 'Sunny', 'Vilhelmina', 'Wollard', '790-11-0066', '640 Acker Circle', TO_DATE('10/16/1954', 'MM/DD/YYYY'),45);
insert into Spring23_S003_22_Employee (Emp_ID, FName, MName, LName, SSN, PhysicalAddress, BDate, StoreID) values (226, 'Julius', 'Ernaline', 'Scarlett', '764-52-8386', '2476 Gina Pass', TO_DATE('03/28/1997', 'MM/DD/YYYY'),46);
insert into Spring23_S003_22_Employee (Emp_ID, FName, MName, LName, SSN, PhysicalAddress, BDate, StoreID) values (227, 'Mathew', 'Nonie', 'Beden', '854-91-1845', '7690 Havey Plaza', TO_DATE('07/04/1977', 'MM/DD/YYYY'),47);
insert into Spring23_S003_22_Employee (Emp_ID, FName, MName, LName, SSN, PhysicalAddress, BDate, StoreID) values (228, 'Beatrisa', 'Karol', 'Tidridge', '351-86-9438', '02 Morrow Center', TO_DATE('07/01/1970', 'MM/DD/YYYY'),48);
insert into Spring23_S003_22_Employee (Emp_ID, FName, MName, LName, SSN, PhysicalAddress, BDate, StoreID) values (229, 'Barrie', 'Kata', 'Burgisi', '113-65-8174', '600 Eagan Plaza', TO_DATE('06/04/1964', 'MM/DD/YYYY'),49);
insert into Spring23_S003_22_Employee (Emp_ID, FName, MName, LName, SSN, PhysicalAddress, BDate, StoreID) values (230, 'Nadya', 'Chandra', 'Skeath', '748-69-3951', '9 Pierstorff Center', TO_DATE('05/06/1977', 'MM/DD/YYYY'),50);
insert into Spring23_S003_22_Employee (Emp_ID, FName, MName, LName, SSN, PhysicalAddress, BDate, StoreID) values (231, 'Witty', 'Timmie', 'Hardison', '470-96-6507', '46 Upham Center', TO_DATE('11/16/1993', 'MM/DD/YYYY'),51);
insert into Spring23_S003_22_Employee (Emp_ID, FName, MName, LName, SSN, PhysicalAddress, BDate, StoreID) values (232, 'Corabelle', 'Ginger', 'Clibbery', '687-95-6757', '63 Scofield Trail', TO_DATE('04/25/1979', 'MM/DD/YYYY'),52);
insert into Spring23_S003_22_Employee (Emp_ID, FName, MName, LName, SSN, PhysicalAddress, BDate, StoreID) values (233, 'Parke', 'Bobbye', 'Coushe', '514-82-3369', '4 Hoard Road', TO_DATE('12/08/1963', 'MM/DD/YYYY'),53);
insert into Spring23_S003_22_Employee (Emp_ID, FName, MName, LName, SSN, PhysicalAddress, BDate, StoreID) values (234, 'Fredericka', 'Amie', 'Sinyard', '255-74-8201', '658 Londonderry Place', TO_DATE('02/27/1970',  'MM/DD/YYYY'),54);
insert into Spring23_S003_22_Employee (Emp_ID, FName, MName, LName, SSN, PhysicalAddress, BDate, StoreID) values (235, 'Robert', 'Annabelle', 'Ditchfield', '136-34-5211', '267 Mariners Cove Circle', TO_DATE('01/03/1964', 'MM/DD/YYYY'),55);
insert into Spring23_S003_22_Employee (Emp_ID, FName, MName, LName, SSN, PhysicalAddress, BDate, StoreID) values (236, 'Petronille', 'Melitta', 'Craydon', '631-19-2051', '69731 Summer Ridge Terrace', TO_DATE('03/17/1972', 'MM/DD/YYYY'),56);
insert into Spring23_S003_22_Employee (Emp_ID, FName, MName, LName, SSN, PhysicalAddress, BDate, StoreID) values (237, 'Richy', 'Pattie', 'Illing', '570-97-4490', '17493 Maywood Avenue',TO_DATE( '09/19/1978', 'MM/DD/YYYY'),57);
insert into Spring23_S003_22_Employee (Emp_ID, FName, MName, LName, SSN, PhysicalAddress, BDate, StoreID) values (238, 'Codee', 'Hester', 'Tebboth', '114-49-4924', '67931 Blaine Crossing', TO_DATE('07/20/1943', 'MM/DD/YYYY'),58);
insert into Spring23_S003_22_Employee (Emp_ID, FName, MName, LName, SSN, PhysicalAddress, BDate, StoreID) values (239, 'Ichabod', 'Anita', 'Fayre', '891-57-5029', '26696 Troy Crossing', TO_DATE('02/27/1953', 'MM/DD/YYYY'),59);
insert into Spring23_S003_22_Employee (Emp_ID, FName, MName, LName, SSN, PhysicalAddress, BDate, StoreID) values (240, 'Geneva', 'Cherie', 'Inskipp', '539-42-1588', '8649 Bobwhite Lane', TO_DATE('09/28/1990', 'MM/DD/YYYY'),6);
insert into Spring23_S003_22_Employee (Emp_ID, FName, MName, LName, SSN, PhysicalAddress, BDate, StoreID) values (241, 'Norman', 'Karole', 'Ende', '135-74-3145', '64 Riverside Drive', TO_DATE('03/08/1969', 'MM/DD/YYYY'),1);
insert into Spring23_S003_22_Employee (Emp_ID, FName, MName, LName, SSN, PhysicalAddress, BDate, StoreID) values (242, 'Essa', 'Kamila', 'Renvoys', '559-55-0644', '49 Northport Place', TO_DATE('04/04/1989', 'MM/DD/YYYY'),2);
insert into Spring23_S003_22_Employee (Emp_ID, FName, MName, LName, SSN, PhysicalAddress, BDate, StoreID) values (243, 'Drew', 'Fiorenze', 'Lindmark', '213-31-2378', '93 Caliangt Park', TO_DATE('12/18/1988', 'MM/DD/YYYY'),3);
insert into Spring23_S003_22_Employee (Emp_ID, FName, MName, LName, SSN, PhysicalAddress, BDate, StoreID) values (244, 'Hannis', 'Viki', 'Cassella', '375-06-4039', '2005 Buhler Place', TO_DATE('02/05/1985', 'MM/DD/YYYY'),4);
insert into Spring23_S003_22_Employee (Emp_ID, FName, MName, LName, SSN, PhysicalAddress, BDate, StoreID) values (245, 'Rafaelia', 'Crin', 'Ollivier', '767-26-9420', '9 Hoffman Center', TO_DATE('12/15/1976', 'MM/DD/YYYY'),5);
insert into Spring23_S003_22_Employee (Emp_ID, FName, MName, LName, SSN, PhysicalAddress, BDate, StoreID) values (246, 'Aylmer', 'Doti', 'Trenchard', '692-12-4132', '37 Tony Drive', TO_DATE('03/15/1984', 'MM/DD/YYYY'),6);
insert into Spring23_S003_22_Employee (Emp_ID, FName, MName, LName, SSN, PhysicalAddress, BDate, StoreID) values (247, 'Bradley', 'Nerte', 'Drayton', '862-84-3663', '81 American Ash Street', TO_DATE('02/25/1970', 'MM/DD/YYYY'),7);
insert into Spring23_S003_22_Employee (Emp_ID, FName, MName, LName, SSN, PhysicalAddress, BDate, StoreID) values (248, 'Sonya', 'Kalie', 'McGaughey', '424-10-6815', '20 Little Fleur Terrace', TO_DATE('04/08/1996', 'MM/DD/YYYY'),8);
insert into Spring23_S003_22_Employee (Emp_ID, FName, MName, LName, SSN, PhysicalAddress, BDate, StoreID) values (249, 'Faun', 'Elyn', 'Goble', '515-11-4346', '192 Lighthouse Bay Court', TO_DATE('07/27/1981', 'MM/DD/YYYY'),9);
insert into Spring23_S003_22_Employee (Emp_ID, FName, MName, LName, SSN, PhysicalAddress, BDate, StoreID) values (250, 'Daron', 'Nicolina', 'Dyment', '462-64-1746', '928 Straubel Alley', TO_DATE('11/26/1999', 'MM/DD/YYYY'),10);
insert into Spring23_S003_22_Employee (Emp_ID, FName, MName, LName, SSN, PhysicalAddress, BDate, StoreID) values (251, 'Lucky', 'Fionnula', 'Ox', '716-96-4842', '8803 Summit Pass', TO_DATE('06/26/1959', 'MM/DD/YYYY'),11);
insert into Spring23_S003_22_Employee (Emp_ID, FName, MName, LName, SSN, PhysicalAddress, BDate, StoreID) values (252, 'Lynda', 'Chantalle', 'Hawford', '754-47-1383', '46 Ruskin Pass', TO_DATE('10/13/1953', 'MM/DD/YYYY'),12);
insert into Spring23_S003_22_Employee (Emp_ID, FName, MName, LName, SSN, PhysicalAddress, BDate, StoreID) values (253, 'Thomasina', 'Ericha', 'Babalola', '283-73-6246', '43 Schlimgen Center', TO_DATE('04/03/1948', 'MM/DD/YYYY'),13);
insert into Spring23_S003_22_Employee (Emp_ID, FName, MName, LName, SSN, PhysicalAddress, BDate, StoreID) values (254, 'Maggee', 'Fania', 'Stovell', '583-49-3657', '4 Macpherson Park', TO_DATE('04/15/1982', 'MM/DD/YYYY'),14);
insert into Spring23_S003_22_Employee (Emp_ID, FName, MName, LName, SSN, PhysicalAddress, BDate, StoreID) values (255, 'Gerhardt', 'Quentin', 'Lelliott', '194-51-9707', '64 Clemons Crossing', TO_DATE('01/30/1999', 'MM/DD/YYYY'),15);
insert into Spring23_S003_22_Employee (Emp_ID, FName, MName, LName, SSN, PhysicalAddress, BDate, StoreID) values (256, 'Sophi', 'Crysta', 'Key', '897-46-9629', '63 Morningstar Way', TO_DATE('10/13/1962', 'MM/DD/YYYY'),16);
insert into Spring23_S003_22_Employee (Emp_ID, FName, MName, LName, SSN, PhysicalAddress, BDate, StoreID) values (257, 'Gabriel', 'Gilbertina', 'Skelhorne', '163-90-2419', '11 Mifflin Park', TO_DATE('07/02/1966', 'MM/DD/YYYY'),17);
insert into Spring23_S003_22_Employee (Emp_ID, FName, MName, LName, SSN, PhysicalAddress, BDate, StoreID) values (258, 'Charlena', 'Almeta', 'McCurt', '508-09-6741', '9180 Myrtle Pass', TO_DATE('03/20/1988', 'MM/DD/YYYY'),18);
insert into Spring23_S003_22_Employee (Emp_ID, FName, MName, LName, SSN, PhysicalAddress, BDate, StoreID) values (259, 'Jonis', 'Bernelle', 'Jost', '153-80-5077', '24674 Mcbride Crossing', TO_DATE('10/02/1956', 'MM/DD/YYYY'),19);
insert into Spring23_S003_22_Employee (Emp_ID, FName, MName, LName, SSN, PhysicalAddress, BDate, StoreID) values (260, 'Nadya', 'Tory', 'McCart', '551-07-4902', '4 Schlimgen Crossing', TO_DATE('06/16/1967', 'MM/DD/YYYY'),20);
insert into Spring23_S003_22_Employee (Emp_ID, FName, MName, LName, SSN, PhysicalAddress, BDate, StoreID) values (261, 'Conroy', 'Florance', 'Wawer', '150-91-6102', '2505 Summit Place', TO_DATE('08/10/1968', 'MM/DD/YYYY'),21);
insert into Spring23_S003_22_Employee (Emp_ID, FName, MName, LName, SSN, PhysicalAddress, BDate, StoreID) values (262, 'Devlen', 'Daniela', 'Woolbrook', '849-71-2955', '91291 Valley Edge Parkway', TO_DATE('04/07/1975', 'MM/DD/YYYY'),22);
insert into Spring23_S003_22_Employee (Emp_ID, FName, MName, LName, SSN, PhysicalAddress, BDate, StoreID) values (263, 'Bunni', 'Phelia', 'Ricards', '131-48-4906', '95 Calypso Avenue',TO_DATE( '12/11/1954', 'MM/DD/YYYY'),23);
insert into Spring23_S003_22_Employee (Emp_ID, FName, MName, LName, SSN, PhysicalAddress, BDate, StoreID) values (264, 'Garv', 'Crystie', 'Belden', '269-39-9625', '5556 Norway Maple Lane', TO_DATE('05/04/2002', 'MM/DD/YYYY'),24);
insert into Spring23_S003_22_Employee (Emp_ID, FName, MName, LName, SSN, PhysicalAddress, BDate, StoreID) values (265, 'Cristy', 'Ginnifer', 'Sanchis', '220-31-1532', '72 Declaration Street', TO_DATE('05/08/1948', 'MM/DD/YYYY'),25);
insert into Spring23_S003_22_Employee (Emp_ID, FName, MName, LName, SSN, PhysicalAddress, BDate, StoreID) values (266, 'Chris', 'Wenda', 'Poppleton', '302-78-0715', '6905 2nd Court', TO_DATE('12/17/2002', 'MM/DD/YYYY'),26);
insert into Spring23_S003_22_Employee (Emp_ID, FName, MName, LName, SSN, PhysicalAddress, BDate, StoreID) values (267, 'Faunie', 'Stevena', 'Yonnie', '327-67-5786', '0 Lunder Center', TO_DATE('08/10/1952', 'MM/DD/YYYY'),27);
insert into Spring23_S003_22_Employee (Emp_ID, FName, MName, LName, SSN, PhysicalAddress, BDate, StoreID) values (268, 'Welbie', 'Fredrika', 'Kynston', '862-77-2960', '61091 Loftsgordon Park', TO_DATE('10/04/1975', 'MM/DD/YYYY'),28);
insert into Spring23_S003_22_Employee (Emp_ID, FName, MName, LName, SSN, PhysicalAddress, BDate, StoreID) values (269, 'Augusta', 'Margery', 'covino', '368-48-2361', '41542 Kensington Junction', TO_DATE('09/27/1971', 'MM/DD/YYYY'),29);
insert into Spring23_S003_22_Employee (Emp_ID, FName, MName, LName, SSN, PhysicalAddress, BDate, StoreID) values (270, 'Celine', 'Lainey', 'Struys', '767-44-4989', '62 Eggendart Parkway', TO_DATE('08/06/1965', 'MM/DD/YYYY'),30);
insert into Spring23_S003_22_Employee (Emp_ID, FName, MName, LName, SSN, PhysicalAddress, BDate, StoreID) values (271, 'Agnes', 'Adelind', 'Guyver', '360-55-4840', '5 Melody Road', TO_DATE('01/26/1980', 'MM/DD/YYYY'),31);
insert into Spring23_S003_22_Employee (Emp_ID, FName, MName, LName, SSN, PhysicalAddress, BDate, StoreID) values (272, 'Tyne', 'Paolina', 'Sibthorpe', '664-68-8043', '6546 Raven Center', TO_DATE('03/21/1981','MM/DD/YYYY'), 32);
insert into Spring23_S003_22_Employee (Emp_ID, FName, MName, LName, SSN, PhysicalAddress, BDate, StoreID) values (273, 'Gregoor', 'Catlee', 'Adelsberg', '799-27-6585', '5263 Lyons Hill', TO_DATE('05/19/1968','MM/DD/YYYY'),33);
insert into Spring23_S003_22_Employee (Emp_ID, FName, MName, LName, SSN, PhysicalAddress, BDate, StoreID) values (274, 'Elena', 'Jemmie', 'Marzelo', '308-21-3937', '5700 Havey Plaza', TO_DATE('11/08/1943', 'MM/DD/YYYY'),34);
insert into Spring23_S003_22_Employee (Emp_ID, FName, MName, LName, SSN, PhysicalAddress, BDate, StoreID) values (275, 'Brett', 'Bel', 'Wiszniewski', '851-40-5542', '56 Dayton Street', TO_DATE('04/05/2002','MM/DD/YYYY'), 35);
insert into Spring23_S003_22_Employee (Emp_ID, FName, MName, LName, SSN, PhysicalAddress, BDate, StoreID) values (276, 'Gerhard', 'Luelle', 'Braiden', '753-38-8975', '5463 Sachtjen Hill', TO_DATE('06/07/1961','MM/DD/YYYY'), 36);
insert into Spring23_S003_22_Employee (Emp_ID, FName, MName, LName, SSN, PhysicalAddress, BDate, StoreID) values (277, 'Ichabod', 'Donelle', 'Braundt', '708-53-9223', '34034 Southridge Parkway', TO_DATE('12/18/1985', 'MM/DD/YYYY'),37);
insert into Spring23_S003_22_Employee (Emp_ID, FName, MName, LName, SSN, PhysicalAddress, BDate, StoreID) values (278, 'Nick', 'Corinne', 'O''Hdirscoll', '434-47-7812', '523 Crescent Oaks Junction',TO_DATE( '12/14/1953', 'MM/DD/YYYY'),38);
insert into Spring23_S003_22_Employee (Emp_ID, FName, MName, LName, SSN, PhysicalAddress, BDate, StoreID) values (279, 'Barret', 'Ronica', 'Gainsford', '711-50-4702', '57206 Fairview Drive',TO_DATE( '10/05/1999','MM/DD/YYYY'), 39);
insert into Spring23_S003_22_Employee (Emp_ID, FName, MName, LName, SSN, PhysicalAddress, BDate, StoreID) values (280, 'Valentijn', 'Codee', 'Pittwood', '306-90-2836', '091 Moulton Place', TO_DATE('04/03/1995','MM/DD/YYYY'), 40);
insert into Spring23_S003_22_Employee (Emp_ID, FName, MName, LName, SSN, PhysicalAddress, BDate, StoreID) values (281, 'Betteann', 'Evvy', 'Cavy', '332-08-2257', '7 Merrick Alley', TO_DATE('11/25/1945','MM/DD/YYYY'),41);
insert into Spring23_S003_22_Employee (Emp_ID, FName, MName, LName, SSN, PhysicalAddress, BDate, StoreID) values (282, 'Jone', 'Krista', 'Copin', '390-44-1337', '4502 Nevada Junction', TO_DATE('12/12/1963', 'MM/DD/YYYY'),42);
insert into Spring23_S003_22_Employee (Emp_ID, FName, MName, LName, SSN, PhysicalAddress, BDate, StoreID) values (283, 'Mirabel', 'Salaidh', 'Leadley', '249-15-5775', '2798 Laurel Road', TO_DATE('08/07/1954','MM/DD/YYYY'), 43);
insert into Spring23_S003_22_Employee (Emp_ID, FName, MName, LName, SSN, PhysicalAddress, BDate, StoreID) values (284, 'Mikael', 'Mahalia', 'Forsaith', '896-96-7066', '24745 Manley Park', TO_DATE('02/07/1996','MM/DD/YYYY'),44);
insert into Spring23_S003_22_Employee (Emp_ID, FName, MName, LName, SSN, PhysicalAddress, BDate, StoreID) values (285, 'Fred', 'Leonelle', 'O'' Shea', '261-43-9569', '5658 Lighthouse Bay Terrace', TO_DATE('06/20/1981','MM/DD/YYYY'), 45);
insert into Spring23_S003_22_Employee (Emp_ID, FName, MName, LName, SSN, PhysicalAddress, BDate, StoreID) values (286, 'Elsbeth', 'Rebekah', 'McComish', '858-57-7427', '48169 Graedel Center', TO_DATE('08/18/1985', 'MM/DD/YYYY'),46);
insert into Spring23_S003_22_Employee (Emp_ID, FName, MName, LName, SSN, PhysicalAddress, BDate, StoreID) values (287, 'Martguerita', 'Lurline', 'Mayho', '229-44-0502', '29457 Pawling Drive', TO_DATE('05/11/1968', 'MM/DD/YYYY'),47);
insert into Spring23_S003_22_Employee (Emp_ID, FName, MName, LName, SSN, PhysicalAddress, BDate, StoreID) values (288, 'Delcina', 'Valentine', 'Balazs', '856-20-9938', '6597 Mandrake Crossing', TO_DATE('07/23/1974','MM/DD/YYYY'), 48);
insert into Spring23_S003_22_Employee (Emp_ID, FName, MName, LName, SSN, PhysicalAddress, BDate, StoreID) values (289, 'Kiele', 'Aubrie', 'Giamuzzo', '601-65-7422', '16 Carey Road', TO_DATE('06/07/1951', 'MM/DD/YYYY'),49);
insert into Spring23_S003_22_Employee (Emp_ID, FName, MName, LName, SSN, PhysicalAddress, BDate, StoreID) values (290, 'Orton', 'Sharlene', 'Attle', '256-42-6409', '28636 Crowley Point', TO_DATE('05/30/1974','MM/DD/YYYY'), 50);
insert into Spring23_S003_22_Employee (Emp_ID, FName, MName, LName, SSN, PhysicalAddress, BDate, StoreID) values (291, 'Margarete', 'Zorana', 'Champain', '412-93-7119', '10037 Magdeline Point', TO_DATE('04/12/1998','MM/DD/YYYY'), 51);
insert into Spring23_S003_22_Employee (Emp_ID, FName, MName, LName, SSN, PhysicalAddress, BDate, StoreID) values (292, 'Salvidor', 'Adriaens', 'Tythacott', '259-74-3189', '2232 Goodland Court', TO_DATE('09/23/1995','MM/DD/YYYY'), 52);
insert into Spring23_S003_22_Employee (Emp_ID, FName, MName, LName, SSN, PhysicalAddress, BDate, StoreID) values (293, 'Brianna', 'Elise', 'Gervaise', '191-42-8652', '49149 Hallows Hill', TO_DATE('12/27/1994','MM/DD/YYYY'), 53);
insert into Spring23_S003_22_Employee (Emp_ID, FName, MName, LName, SSN, PhysicalAddress, BDate, StoreID) values (294, 'Maris', 'Kasey', 'O''Corrin', '404-64-7240', '2 Nancy Street',TO_DATE( '10/02/1981', 'MM/DD/YYYY'),54);
insert into Spring23_S003_22_Employee (Emp_ID, FName, MName, LName, SSN, PhysicalAddress, BDate, StoreID) values (295, 'Quincey', 'Susanetta', 'Glawsop', '137-39-7058', '7612 Banding Lane', TO_DATE('12/22/1971', 'MM/DD/YYYY'),55);
insert into Spring23_S003_22_Employee (Emp_ID, FName, MName, LName, SSN, PhysicalAddress, BDate, StoreID) values (296, 'Devora', 'Eirena', 'Braams', '840-03-7073', '2642 Esch Plaza', TO_DATE('10/09/1987','MM/DD/YYYY'),56);
insert into Spring23_S003_22_Employee (Emp_ID, FName, MName, LName, SSN, PhysicalAddress, BDate, StoreID) values (297, 'Eula', 'Sunny', 'Antoniak', '109-91-2743', '0 International Trail', TO_DATE('10/12/1995','MM/DD/YYYY'), 57);
insert into Spring23_S003_22_Employee (Emp_ID, FName, MName, LName, SSN, PhysicalAddress, BDate, StoreID) values (298, 'Dirk', 'Petunia', 'Kubica', '777-94-5521', '7 Superior Parkway', TO_DATE('01/03/1969', 'MM/DD/YYYY'),58);
insert into Spring23_S003_22_Employee (Emp_ID, FName, MName, LName, SSN, PhysicalAddress, BDate, StoreID) values (299, 'Delora', 'Myranda', 'Durrett', '223-20-1690', '1147 Lake View Road',TO_DATE( '01/20/1996','MM/DD/YYYY'), 59);
insert into Spring23_S003_22_Employee (Emp_ID, FName, MName, LName, SSN, PhysicalAddress, BDate, StoreID) values (300, 'Starr', 'Germana', 'Iacobo', '723-36-1385', '48 Surrey Crossing', TO_DATE('03/13/1951','MM/DD/YYYY'), 60);



-------------------------------------------Inserting Values into Spring23_S003_22_Store_Details Relation--------------------------

insert into Spring23_S003_22_Store_Details (StoreID, ZipCode, Mgr_ID, Mgr_SSN, City, State, Y_Investment, Y_Income) values (1, '86661', 1, '276-17-4412', 'Atlanta', 'Georgia', 7610617.00, 4988547.00);
insert into Spring23_S003_22_Store_Details (StoreID, ZipCode, Mgr_ID, Mgr_SSN, City, State, Y_Investment, Y_Income) values (2, '83113', 2, '334-28-9986', 'Houston', 'Texas', 7575727.00, 3127098.00);
insert into Spring23_S003_22_Store_Details (StoreID, ZipCode, Mgr_ID, Mgr_SSN, City, State, Y_Investment, Y_Income) values (3, '80287', 3, '467-67-5791', 'Migrate', 'Kentucky', 7837761.00, 4345074.00);
insert into Spring23_S003_22_Store_Details (StoreID, ZipCode, Mgr_ID, Mgr_SSN, City, State, Y_Investment, Y_Income) values (4, '66609', 4, '302-44-7580', 'Pensacola', 'Florida', 7584319.00, 6427123.00);
insert into Spring23_S003_22_Store_Details (StoreID, ZipCode, Mgr_ID, Mgr_SSN, City, State, Y_Investment, Y_Income) values (5, '68210', 5, '653-02-9815', 'Pittsburgh', 'Pennsylvania', 7538438.00, 3126857.00);
insert into Spring23_S003_22_Store_Details (StoreID, ZipCode, Mgr_ID, Mgr_SSN, City, State, Y_Investment, Y_Income) values (6, '33090', 6, '467-47-6465', 'El Paso', 'Texas', 7948635.00, 3460368.00);
insert into Spring23_S003_22_Store_Details (StoreID, ZipCode, Mgr_ID, Mgr_SSN, City, State, Y_Investment, Y_Income) values (7, '38249', 7, '750-15-9221', 'Fairbanks', 'Alaska', 7820502.00, 5424297.00);
insert into Spring23_S003_22_Store_Details (StoreID, ZipCode, Mgr_ID, Mgr_SSN, City, State, Y_Investment, Y_Income) values (8, '51187', 8, '453-71-3545', 'Birmingham', 'Alabama', 7967341.00, 0502590.00);
insert into Spring23_S003_22_Store_Details (StoreID, ZipCode, Mgr_ID, Mgr_SSN, City, State, Y_Investment, Y_Income) values (9,'72077', 9, '667-32-0112', 'Lincoln', 'Nebraska', 7075410.00, 6818459.00);
insert into Spring23_S003_22_Store_Details (StoreID, ZipCode, Mgr_ID, Mgr_SSN, City, State, Y_Investment, Y_Income) values (10, '93094', 10, '605-30-1735', 'Honolulu', 'Hawaii', 7356395.00, 4945383.00);
insert into Spring23_S003_22_Store_Details (StoreID, ZipCode, Mgr_ID, Mgr_SSN, City, State, Y_Investment, Y_Income) values (11, '74943', 11, '325-36-7214', 'Saint Paul', 'Minnesota', 7350659.00, 6551861.00);
insert into Spring23_S003_22_Store_Details (StoreID, ZipCode, Mgr_ID, Mgr_SSN, City, State, Y_Investment, Y_Income) values (12, '81726', 12, '527-75-3428', 'Atlanta', 'Georgia', 7571985.00, 5522966.00);
insert into Spring23_S003_22_Store_Details (StoreID, ZipCode, Mgr_ID, Mgr_SSN, City, State, Y_Investment, Y_Income) values (13, '83882', 13, '287-04-1831', 'Lexington', 'Kentucky', 7186894.00, 1926098.00);
insert into Spring23_S003_22_Store_Details (StoreID, ZipCode, Mgr_ID, Mgr_SSN, City, State, Y_Investment, Y_Income) values (14, '73048', 14, '358-03-3072', 'Norfolk', 'Virginia', 7831529.00, 9321884.00);
insert into Spring23_S003_22_Store_Details (StoreID, ZipCode, Mgr_ID, Mgr_SSN, City, State, Y_Investment, Y_Income) values (15, '79498', 15, '424-94-5094', 'Phoenix', 'Arizona', 7022825.00, 145023.00);
insert into Spring23_S003_22_Store_Details (StoreID, ZipCode, Mgr_ID, Mgr_SSN, City, State, Y_Investment, Y_Income) values (16, '25797', 16, '102-93-9786', 'Topeka', 'Kansas', 7894992.00, 5924360.00);
insert into Spring23_S003_22_Store_Details (StoreID, ZipCode, Mgr_ID, Mgr_SSN, City, State, Y_Investment, Y_Income) values (17, '27757', 17, '446-01-7276', 'Evansville', 'Indiana', 7669543.00, 9613821.00);
insert into Spring23_S003_22_Store_Details (StoreID, ZipCode, Mgr_ID, Mgr_SSN, City, State, Y_Investment, Y_Income) values (18, '77741', 18, '414-27-6912', 'Chicago', 'Illinois', 7039757.00, 5159894.00);
insert into Spring23_S003_22_Store_Details (StoreID, ZipCode, Mgr_ID, Mgr_SSN, City, State, Y_Investment, Y_Income) values (19, '58788', 19, '438-53-8097', 'Harrisburg', 'Pennsylvania', 7833559.00, 962907.00);
insert into Spring23_S003_22_Store_Details (StoreID, ZipCode, Mgr_ID, Mgr_SSN, City, State, Y_Investment, Y_Income) values (20, '49047', 20, '837-47-6030', 'Louisville', 'Kentucky', 7030493.00, 1949639.00);
insert into Spring23_S003_22_Store_Details (StoreID, ZipCode, Mgr_ID, Mgr_SSN, City, State, Y_Investment, Y_Income) values (21, '31140', 21, '257-81-5197', 'Houston', 'Texas', 7622789.00, 8150600.00);
insert into Spring23_S003_22_Store_Details (StoreID, ZipCode, Mgr_ID, Mgr_SSN, City, State, Y_Investment, Y_Income) values (22, '25708', 22, '732-21-0896', 'Houston', 'Texas', 7318726.00, 6536042.00);
insert into Spring23_S003_22_Store_Details (StoreID, ZipCode, Mgr_ID, Mgr_SSN, City, State, Y_Investment, Y_Income) values (23, '70451', 23, '898-97-0633', 'Paterson', 'New Jersey', 7801927.00, 6291361.00);
insert into Spring23_S003_22_Store_Details (StoreID, ZipCode, Mgr_ID, Mgr_SSN, City, State, Y_Investment, Y_Income) values (24, '34282', 24, '544-43-4787', 'Shreveport', 'Louisiana', 7652649.00, 2164492.00);
insert into Spring23_S003_22_Store_Details (StoreID, ZipCode, Mgr_ID, Mgr_SSN, City, State, Y_Investment, Y_Income) values (25, '34412', 25, '449-50-6393', 'Jackson', 'Mississippi', 7481822.00, 804204.00);
insert into Spring23_S003_22_Store_Details (StoreID, ZipCode, Mgr_ID, Mgr_SSN, City, State, Y_Investment, Y_Income) values (26, '99541', 26, '713-28-8275', 'New York City', 'New York', 7337280.00, 99033.00);
insert into Spring23_S003_22_Store_Details (StoreID, ZipCode, Mgr_ID, Mgr_SSN, City, State, Y_Investment, Y_Income) values (27, '65755', 27, '679-83-0382', 'Melbourne', 'Florida', 7938208.00, 8795713.00);
insert into Spring23_S003_22_Store_Details (StoreID, ZipCode, Mgr_ID, Mgr_SSN, City, State, Y_Investment, Y_Income) values (28, '89128', 28, '478-42-7303', 'Anaheim', 'California', 7799113.00, 2310712.00);
insert into Spring23_S003_22_Store_Details (StoreID, ZipCode, Mgr_ID, Mgr_SSN, City, State, Y_Investment, Y_Income) values (29, '46724', 29, '441-97-9973', 'Springfield', 'Massachusetts', 7915706.00, 9347756.00);
insert into Spring23_S003_22_Store_Details (StoreID, ZipCode, Mgr_ID, Mgr_SSN, City, State, Y_Investment, Y_Income) values (30, '33031', 30, '474-37-8374', 'Lancaster', 'Pennsylvania', 7371725.00, 9248352.00);
insert into Spring23_S003_22_Store_Details (StoreID, ZipCode, Mgr_ID, Mgr_SSN, City, State, Y_Investment, Y_Income) values (31, '56081', 31, '516-40-7402', 'Irvine', 'California', 7686128.00, 3139672.00);
insert into Spring23_S003_22_Store_Details (StoreID, ZipCode, Mgr_ID, Mgr_SSN, City, State, Y_Investment, Y_Income) values (32, '64018', 32, '151-06-4134', 'Houston', 'Texas', 7808048.00, 1059474.00);
insert into Spring23_S003_22_Store_Details (StoreID, ZipCode, Mgr_ID, Mgr_SSN, City, State, Y_Investment, Y_Income) values (33, '07662', 33, '481-70-9282', 'Tempe', 'Arizona', 7808617.00, 7668591.00);
insert into Spring23_S003_22_Store_Details (StoreID, ZipCode, Mgr_ID, Mgr_SSN, City, State, Y_Investment, Y_Income) values (34, '15083', 34, '122-43-4105', 'Sioux City', 'Iowa', 7947332.00, 9428834.00);
insert into Spring23_S003_22_Store_Details (StoreID, ZipCode, Mgr_ID, Mgr_SSN, City, State, Y_Investment, Y_Income) values (35, '56313', 35, '673-10-4634', 'Corpus Christi', 'Texas', 7862346.00, 2841602.00);
insert into Spring23_S003_22_Store_Details (StoreID, ZipCode, Mgr_ID, Mgr_SSN, City, State, Y_Investment, Y_Income) values (36, '94065', 36, '811-61-3615', 'Lawrenceville', 'Georgia', 7097190.00, 2571080.00);
insert into Spring23_S003_22_Store_Details (StoreID, ZipCode, Mgr_ID, Mgr_SSN, City, State, Y_Investment, Y_Income) values (37, '29496', 37, '205-94-6385', 'New York City', 'New York', 7658805.00, 6784845.00);
insert into Spring23_S003_22_Store_Details (StoreID, ZipCode, Mgr_ID, Mgr_SSN, City, State, Y_Investment, Y_Income) values (38, '78809', 38, '725-01-5796', 'Minneapolis', 'Minnesota', 7042174.00, 5205900.00);
insert into Spring23_S003_22_Store_Details (StoreID, ZipCode, Mgr_ID, Mgr_SSN, City, State, Y_Investment, Y_Income) values (39, '58301', 39, '140-06-4153', 'Dayton', 'Ohio', 7833790.00, 1763947.00);
insert into Spring23_S003_22_Store_Details (StoreID, ZipCode, Mgr_ID, Mgr_SSN, City, State, Y_Investment, Y_Income) values (40, '63260', 40, '594-13-4183', 'Brooklyn', 'New York', 7642142.00, 9248626.00);
insert into Spring23_S003_22_Store_Details (StoreID, ZipCode, Mgr_ID, Mgr_SSN, City, State, Y_Investment, Y_Income) values (41, '82821', 41, '861-55-4139', 'Detroit', 'Michigan', 7893300.00, 4915568.00);
insert into Spring23_S003_22_Store_Details (StoreID, ZipCode, Mgr_ID, Mgr_SSN, City, State, Y_Investment, Y_Income) values (42, '33482', 42, '348-44-6527', 'Jackson', 'Mississippi', 7769444.00, 4521205.00);
insert into Spring23_S003_22_Store_Details (StoreID, ZipCode, Mgr_ID, Mgr_SSN, City, State, Y_Investment, Y_Income) values (43, '40695', 43, '311-18-2439', 'Birmingham', 'Alabama', 7844111.00, 8122693.00);
insert into Spring23_S003_22_Store_Details (StoreID, ZipCode, Mgr_ID, Mgr_SSN, City, State, Y_Investment, Y_Income) values (44, '05225', 44, '654-87-8242', 'Athens', 'Georgia', 7288530.00, 1997796.00);
insert into Spring23_S003_22_Store_Details (StoreID, ZipCode, Mgr_ID, Mgr_SSN, City, State, Y_Investment, Y_Income) values (45, '94316', 45, '107-19-4623', 'Jacksonville', 'Florida', 7168957.00, 1387764.00);
insert into Spring23_S003_22_Store_Details (StoreID, ZipCode, Mgr_ID, Mgr_SSN, City, State, Y_Investment, Y_Income) values (46, '70363', 46, '824-70-7408', 'Philadelphia', 'Pennsylvania', 7028021.00, 1517154.00);
insert into Spring23_S003_22_Store_Details (StoreID, ZipCode, Mgr_ID, Mgr_SSN, City, State, Y_Investment, Y_Income) values (47, '73703', 47, '406-50-7191', 'Sacramento', 'California', 7869966.00, 1030158.00);
insert into Spring23_S003_22_Store_Details (StoreID, ZipCode, Mgr_ID, Mgr_SSN, City, State, Y_Investment, Y_Income) values (48, '50253', 48, '874-63-6037', 'Battle Creek', 'Michigan', 7856447.00, 1747148.00);
insert into Spring23_S003_22_Store_Details (StoreID, ZipCode, Mgr_ID, Mgr_SSN, City, State, Y_Investment, Y_Income) values (49, '09069', 49, '382-07-5486', 'New York City', 'New York', 7992714.00, 1526040.00);
insert into Spring23_S003_22_Store_Details (StoreID, ZipCode, Mgr_ID, Mgr_SSN, City, State, Y_Investment, Y_Income) values (50, '08651', 50, '347-77-6655', 'Littleton', 'Colorado', 7528731.00, 8503210.00);
insert into Spring23_S003_22_Store_Details (StoreID, ZipCode, Mgr_ID, Mgr_SSN, City, State, Y_Investment, Y_Income) values (51, '02282', 51, '361-10-3541', 'Pasadena', 'California', 7764577.00, 350237.00);
insert into Spring23_S003_22_Store_Details (StoreID, ZipCode, Mgr_ID, Mgr_SSN, City, State, Y_Investment, Y_Income) values (52, '91102', 52, '267-49-4278', 'Denver', 'Colorado', 7350249.00, 9349066.00);
insert into Spring23_S003_22_Store_Details (StoreID, ZipCode, Mgr_ID, Mgr_SSN, City, State, Y_Investment, Y_Income) values (53, '52444', 53, '717-27-0590', 'Stamford', 'Connecticut', 7812965.00, 8300470.00);
insert into Spring23_S003_22_Store_Details (StoreID, ZipCode, Mgr_ID, Mgr_SSN, City, State, Y_Investment, Y_Income) values (54, '53839', 54, '451-64-2409', 'Lexington', 'Kentucky', 7445148.00, 3196755.00);
insert into Spring23_S003_22_Store_Details (StoreID, ZipCode, Mgr_ID, Mgr_SSN, City, State, Y_Investment, Y_Income) values (55, '73081', 55, '608-57-1240', 'Johnson City', 'Tennessee', 7668879.00, 6099417.00);
insert into Spring23_S003_22_Store_Details (StoreID, ZipCode, Mgr_ID, Mgr_SSN, City, State, Y_Investment, Y_Income) values (56, '36398', 56, '126-13-2776', 'New Orleans', 'Louisiana', 7237078.00, 4857048.00);
insert into Spring23_S003_22_Store_Details (StoreID, ZipCode, Mgr_ID, Mgr_SSN, City, State, Y_Investment, Y_Income) values (57, '18712', 57, '771-68-2729', 'Dayton', 'Ohio', 7501839.00, 1033512.00);
insert into Spring23_S003_22_Store_Details (StoreID, ZipCode, Mgr_ID, Mgr_SSN, City, State, Y_Investment, Y_Income) values (58, '44118', 58, '702-60-1154', 'Paterson', 'New Jersey', 7143861.00, 501760.00);
insert into Spring23_S003_22_Store_Details (StoreID, ZipCode, Mgr_ID, Mgr_SSN, City, State, Y_Investment, Y_Income) values (59, '08523', 59, '413-36-3553', 'Valdosta', 'Georgia', 7437271.00, 4659649.00);
insert into Spring23_S003_22_Store_Details (StoreID, ZipCode, Mgr_ID, Mgr_SSN, City, State, Y_Investment, Y_Income) values (60, '43452', 60, '327-56-9341', 'Tulsa', 'Oklahoma', 7825139.00, 6391253.00);




-------------------------------------------Inserting Values into Spring23_S003_22_EmployeePhoneNumber Relation--------------------------

insert into Spring23_S003_22_EmployeePhoneNumber (Emp_ID, PhoneNumber) values (1, '600-583-0579');
insert into Spring23_S003_22_EmployeePhoneNumber (Emp_ID, PhoneNumber) values (2, '542-562-6673');
insert into Spring23_S003_22_EmployeePhoneNumber (Emp_ID, PhoneNumber) values (3, '953-590-5337');
insert into Spring23_S003_22_EmployeePhoneNumber (Emp_ID, PhoneNumber) values (4, '330-790-7748');
insert into Spring23_S003_22_EmployeePhoneNumber (Emp_ID, PhoneNumber) values (5, '934-195-7466');
insert into Spring23_S003_22_EmployeePhoneNumber (Emp_ID, PhoneNumber) values (6, '459-724-0992');
insert into Spring23_S003_22_EmployeePhoneNumber (Emp_ID, PhoneNumber) values (7, '619-116-5966');
insert into Spring23_S003_22_EmployeePhoneNumber (Emp_ID, PhoneNumber) values (8, '174-123-9656');
insert into Spring23_S003_22_EmployeePhoneNumber (Emp_ID, PhoneNumber) values (9, '316-831-9262');
insert into Spring23_S003_22_EmployeePhoneNumber (Emp_ID, PhoneNumber) values (10, '223-212-1154');
insert into Spring23_S003_22_EmployeePhoneNumber (Emp_ID, PhoneNumber) values (11, '213-396-6365');
insert into Spring23_S003_22_EmployeePhoneNumber (Emp_ID, PhoneNumber) values (12, '105-662-4818');
insert into Spring23_S003_22_EmployeePhoneNumber (Emp_ID, PhoneNumber) values (13, '544-480-9033');
insert into Spring23_S003_22_EmployeePhoneNumber (Emp_ID, PhoneNumber) values (14, '512-627-1557');
insert into Spring23_S003_22_EmployeePhoneNumber (Emp_ID, PhoneNumber) values (15, '127-870-1799');
insert into Spring23_S003_22_EmployeePhoneNumber (Emp_ID, PhoneNumber) values (16, '444-994-6223');
insert into Spring23_S003_22_EmployeePhoneNumber (Emp_ID, PhoneNumber) values (17, '879-965-8006');
insert into Spring23_S003_22_EmployeePhoneNumber (Emp_ID, PhoneNumber) values (18, '500-740-4049');
insert into Spring23_S003_22_EmployeePhoneNumber (Emp_ID, PhoneNumber) values (19, '911-141-5871');
insert into Spring23_S003_22_EmployeePhoneNumber (Emp_ID, PhoneNumber) values (20, '320-388-4107');
insert into Spring23_S003_22_EmployeePhoneNumber (Emp_ID, PhoneNumber) values (21, '682-697-9355');
insert into Spring23_S003_22_EmployeePhoneNumber (Emp_ID, PhoneNumber) values (22, '937-949-3929');
insert into Spring23_S003_22_EmployeePhoneNumber (Emp_ID, PhoneNumber) values (23, '488-205-1513');
insert into Spring23_S003_22_EmployeePhoneNumber (Emp_ID, PhoneNumber) values (24, '725-154-4073');
insert into Spring23_S003_22_EmployeePhoneNumber (Emp_ID, PhoneNumber) values (25, '408-850-3863');
insert into Spring23_S003_22_EmployeePhoneNumber (Emp_ID, PhoneNumber) values (26, '543-133-0844');
insert into Spring23_S003_22_EmployeePhoneNumber (Emp_ID, PhoneNumber) values (27, '449-929-3122');
insert into Spring23_S003_22_EmployeePhoneNumber (Emp_ID, PhoneNumber) values (28, '250-516-0137');
insert into Spring23_S003_22_EmployeePhoneNumber (Emp_ID, PhoneNumber) values (29, '717-755-7976');
insert into Spring23_S003_22_EmployeePhoneNumber (Emp_ID, PhoneNumber) values (30, '224-376-8541');
insert into Spring23_S003_22_EmployeePhoneNumber (Emp_ID, PhoneNumber) values (31, '343-999-5058');
insert into Spring23_S003_22_EmployeePhoneNumber (Emp_ID, PhoneNumber) values (32, '191-440-7832');
insert into Spring23_S003_22_EmployeePhoneNumber (Emp_ID, PhoneNumber) values (33, '706-958-6954');
insert into Spring23_S003_22_EmployeePhoneNumber (Emp_ID, PhoneNumber) values (34, '286-373-1754');
insert into Spring23_S003_22_EmployeePhoneNumber (Emp_ID, PhoneNumber) values (35, '658-847-7215');
insert into Spring23_S003_22_EmployeePhoneNumber (Emp_ID, PhoneNumber) values (36, '645-706-1274');
insert into Spring23_S003_22_EmployeePhoneNumber (Emp_ID, PhoneNumber) values (37, '877-668-4367');
insert into Spring23_S003_22_EmployeePhoneNumber (Emp_ID, PhoneNumber) values (38, '314-823-9068');
insert into Spring23_S003_22_EmployeePhoneNumber (Emp_ID, PhoneNumber) values (39, '377-184-6743');
insert into Spring23_S003_22_EmployeePhoneNumber (Emp_ID, PhoneNumber) values (40, '972-953-5927');
insert into Spring23_S003_22_EmployeePhoneNumber (Emp_ID, PhoneNumber) values (41, '901-447-0610');
insert into Spring23_S003_22_EmployeePhoneNumber (Emp_ID, PhoneNumber) values (42, '386-565-6146');
insert into Spring23_S003_22_EmployeePhoneNumber (Emp_ID, PhoneNumber) values (43, '311-166-4303');
insert into Spring23_S003_22_EmployeePhoneNumber (Emp_ID, PhoneNumber) values (44, '613-757-9342');
insert into Spring23_S003_22_EmployeePhoneNumber (Emp_ID, PhoneNumber) values (45, '221-142-8673');
insert into Spring23_S003_22_EmployeePhoneNumber (Emp_ID, PhoneNumber) values (46, '288-532-1918');
insert into Spring23_S003_22_EmployeePhoneNumber (Emp_ID, PhoneNumber) values (47, '229-763-4355');
insert into Spring23_S003_22_EmployeePhoneNumber (Emp_ID, PhoneNumber) values (48, '396-739-8954');
insert into Spring23_S003_22_EmployeePhoneNumber (Emp_ID, PhoneNumber) values (49, '352-940-0886');
insert into Spring23_S003_22_EmployeePhoneNumber (Emp_ID, PhoneNumber) values (50, '381-153-2212');
insert into Spring23_S003_22_EmployeePhoneNumber (Emp_ID, PhoneNumber) values (51, '204-553-6807');
insert into Spring23_S003_22_EmployeePhoneNumber (Emp_ID, PhoneNumber) values (52, '169-421-9975');
insert into Spring23_S003_22_EmployeePhoneNumber (Emp_ID, PhoneNumber) values (53, '659-143-0594');
insert into Spring23_S003_22_EmployeePhoneNumber (Emp_ID, PhoneNumber) values (54, '142-926-6388');
insert into Spring23_S003_22_EmployeePhoneNumber (Emp_ID, PhoneNumber) values (55, '903-453-7175');
insert into Spring23_S003_22_EmployeePhoneNumber (Emp_ID, PhoneNumber) values (56, '405-412-9872');
insert into Spring23_S003_22_EmployeePhoneNumber (Emp_ID, PhoneNumber) values (57, '566-431-2794');
insert into Spring23_S003_22_EmployeePhoneNumber (Emp_ID, PhoneNumber) values (58, '464-474-4035');
insert into Spring23_S003_22_EmployeePhoneNumber (Emp_ID, PhoneNumber) values (59, '944-487-5411');
insert into Spring23_S003_22_EmployeePhoneNumber (Emp_ID, PhoneNumber) values (60, '677-160-1800');
insert into Spring23_S003_22_EmployeePhoneNumber (Emp_ID, PhoneNumber) values (61, '383-864-2459');
insert into Spring23_S003_22_EmployeePhoneNumber (Emp_ID, PhoneNumber) values (62, '738-202-9577');
insert into Spring23_S003_22_EmployeePhoneNumber (Emp_ID, PhoneNumber) values (63, '754-893-4924');
insert into Spring23_S003_22_EmployeePhoneNumber (Emp_ID, PhoneNumber) values (64, '777-133-1456');
insert into Spring23_S003_22_EmployeePhoneNumber (Emp_ID, PhoneNumber) values (65, '945-154-6033');
insert into Spring23_S003_22_EmployeePhoneNumber (Emp_ID, PhoneNumber) values (66, '719-463-2732');
insert into Spring23_S003_22_EmployeePhoneNumber (Emp_ID, PhoneNumber) values (67, '134-504-0810');
insert into Spring23_S003_22_EmployeePhoneNumber (Emp_ID, PhoneNumber) values (68, '441-521-6408');
insert into Spring23_S003_22_EmployeePhoneNumber (Emp_ID, PhoneNumber) values (69, '707-426-9235');
insert into Spring23_S003_22_EmployeePhoneNumber (Emp_ID, PhoneNumber) values (70, '303-178-6590');
insert into Spring23_S003_22_EmployeePhoneNumber (Emp_ID, PhoneNumber) values (71, '332-336-8666');
insert into Spring23_S003_22_EmployeePhoneNumber (Emp_ID, PhoneNumber) values (72, '790-527-1095');
insert into Spring23_S003_22_EmployeePhoneNumber (Emp_ID, PhoneNumber) values (73, '470-838-2024');
insert into Spring23_S003_22_EmployeePhoneNumber (Emp_ID, PhoneNumber) values (74, '586-831-2439');
insert into Spring23_S003_22_EmployeePhoneNumber (Emp_ID, PhoneNumber) values (75, '969-513-2600');
insert into Spring23_S003_22_EmployeePhoneNumber (Emp_ID, PhoneNumber) values (76, '589-570-8215');
insert into Spring23_S003_22_EmployeePhoneNumber (Emp_ID, PhoneNumber) values (77, '892-764-1765');
insert into Spring23_S003_22_EmployeePhoneNumber (Emp_ID, PhoneNumber) values (78, '767-709-9326');
insert into Spring23_S003_22_EmployeePhoneNumber (Emp_ID, PhoneNumber) values (79, '575-331-4774');
insert into Spring23_S003_22_EmployeePhoneNumber (Emp_ID, PhoneNumber) values (80, '857-798-7558');
insert into Spring23_S003_22_EmployeePhoneNumber (Emp_ID, PhoneNumber) values (81, '704-693-3971');
insert into Spring23_S003_22_EmployeePhoneNumber (Emp_ID, PhoneNumber) values (82, '222-180-6270');
insert into Spring23_S003_22_EmployeePhoneNumber (Emp_ID, PhoneNumber) values (83, '624-284-8101');
insert into Spring23_S003_22_EmployeePhoneNumber (Emp_ID, PhoneNumber) values (84, '560-450-5079');
insert into Spring23_S003_22_EmployeePhoneNumber (Emp_ID, PhoneNumber) values (85, '309-472-3975');
insert into Spring23_S003_22_EmployeePhoneNumber (Emp_ID, PhoneNumber) values (86, '496-373-0626');
insert into Spring23_S003_22_EmployeePhoneNumber (Emp_ID, PhoneNumber) values (87, '544-348-5263');
insert into Spring23_S003_22_EmployeePhoneNumber (Emp_ID, PhoneNumber) values (88, '176-781-2995');
insert into Spring23_S003_22_EmployeePhoneNumber (Emp_ID, PhoneNumber) values (89, '347-678-2725');
insert into Spring23_S003_22_EmployeePhoneNumber (Emp_ID, PhoneNumber) values (90, '728-205-7931');
insert into Spring23_S003_22_EmployeePhoneNumber (Emp_ID, PhoneNumber) values (91, '984-789-0737');
insert into Spring23_S003_22_EmployeePhoneNumber (Emp_ID, PhoneNumber) values (92, '632-208-4755');
insert into Spring23_S003_22_EmployeePhoneNumber (Emp_ID, PhoneNumber) values (93, '238-926-0249');
insert into Spring23_S003_22_EmployeePhoneNumber (Emp_ID, PhoneNumber) values (94, '897-179-5032');
insert into Spring23_S003_22_EmployeePhoneNumber (Emp_ID, PhoneNumber) values (95, '309-226-5858');
insert into Spring23_S003_22_EmployeePhoneNumber (Emp_ID, PhoneNumber) values (96, '978-946-0643');
insert into Spring23_S003_22_EmployeePhoneNumber (Emp_ID, PhoneNumber) values (97, '343-387-6181');
insert into Spring23_S003_22_EmployeePhoneNumber (Emp_ID, PhoneNumber) values (98, '402-399-2283');
insert into Spring23_S003_22_EmployeePhoneNumber (Emp_ID, PhoneNumber) values (99, '656-379-1664');
insert into Spring23_S003_22_EmployeePhoneNumber (Emp_ID, PhoneNumber) values (100, '600-148-0946');
insert into Spring23_S003_22_EmployeePhoneNumber (Emp_ID, PhoneNumber) values (101, '746-798-1629');
insert into Spring23_S003_22_EmployeePhoneNumber (Emp_ID, PhoneNumber) values (102, '699-881-9989');
insert into Spring23_S003_22_EmployeePhoneNumber (Emp_ID, PhoneNumber) values (103, '449-975-9514');
insert into Spring23_S003_22_EmployeePhoneNumber (Emp_ID, PhoneNumber) values (104, '311-784-4520');
insert into Spring23_S003_22_EmployeePhoneNumber (Emp_ID, PhoneNumber) values (105, '890-497-8216');
insert into Spring23_S003_22_EmployeePhoneNumber (Emp_ID, PhoneNumber) values (106, '911-634-3459');
insert into Spring23_S003_22_EmployeePhoneNumber (Emp_ID, PhoneNumber) values (107, '167-318-3415');
insert into Spring23_S003_22_EmployeePhoneNumber (Emp_ID, PhoneNumber) values (108, '704-427-9181');
insert into Spring23_S003_22_EmployeePhoneNumber (Emp_ID, PhoneNumber) values (109, '537-316-2932');
insert into Spring23_S003_22_EmployeePhoneNumber (Emp_ID, PhoneNumber) values (110, '163-781-7278');
insert into Spring23_S003_22_EmployeePhoneNumber (Emp_ID, PhoneNumber) values (111, '292-314-5601');
insert into Spring23_S003_22_EmployeePhoneNumber (Emp_ID, PhoneNumber) values (112, '387-504-5706');
insert into Spring23_S003_22_EmployeePhoneNumber (Emp_ID, PhoneNumber) values (113, '173-456-4273');
insert into Spring23_S003_22_EmployeePhoneNumber (Emp_ID, PhoneNumber) values (114, '437-207-0242');
insert into Spring23_S003_22_EmployeePhoneNumber (Emp_ID, PhoneNumber) values (115, '406-555-6429');
insert into Spring23_S003_22_EmployeePhoneNumber (Emp_ID, PhoneNumber) values (116, '757-649-9041');
insert into Spring23_S003_22_EmployeePhoneNumber (Emp_ID, PhoneNumber) values (117, '879-329-3999');
insert into Spring23_S003_22_EmployeePhoneNumber (Emp_ID, PhoneNumber) values (118, '691-781-1288');
insert into Spring23_S003_22_EmployeePhoneNumber (Emp_ID, PhoneNumber) values (119, '923-350-8204');
insert into Spring23_S003_22_EmployeePhoneNumber (Emp_ID, PhoneNumber) values (120, '943-836-0249');
insert into Spring23_S003_22_EmployeePhoneNumber (Emp_ID, PhoneNumber) values (121, '741-654-4261');
insert into Spring23_S003_22_EmployeePhoneNumber (Emp_ID, PhoneNumber) values (122, '103-615-6776');
insert into Spring23_S003_22_EmployeePhoneNumber (Emp_ID, PhoneNumber) values (123, '651-795-7298');
insert into Spring23_S003_22_EmployeePhoneNumber (Emp_ID, PhoneNumber) values (124, '875-381-4213');
insert into Spring23_S003_22_EmployeePhoneNumber (Emp_ID, PhoneNumber) values (125, '140-247-7987');
insert into Spring23_S003_22_EmployeePhoneNumber (Emp_ID, PhoneNumber) values (126, '956-407-0614');
insert into Spring23_S003_22_EmployeePhoneNumber (Emp_ID, PhoneNumber) values (127, '816-764-3252');
insert into Spring23_S003_22_EmployeePhoneNumber (Emp_ID, PhoneNumber) values (128, '834-655-1337');
insert into Spring23_S003_22_EmployeePhoneNumber (Emp_ID, PhoneNumber) values (129, '675-619-1220');
insert into Spring23_S003_22_EmployeePhoneNumber (Emp_ID, PhoneNumber) values (130, '824-499-2753');
insert into Spring23_S003_22_EmployeePhoneNumber (Emp_ID, PhoneNumber) values (131, '607-486-4219');
insert into Spring23_S003_22_EmployeePhoneNumber (Emp_ID, PhoneNumber) values (132, '534-791-1040');
insert into Spring23_S003_22_EmployeePhoneNumber (Emp_ID, PhoneNumber) values (133, '341-954-3198');
insert into Spring23_S003_22_EmployeePhoneNumber (Emp_ID, PhoneNumber) values (134, '223-343-6193');
insert into Spring23_S003_22_EmployeePhoneNumber (Emp_ID, PhoneNumber) values (135, '413-607-8129');
insert into Spring23_S003_22_EmployeePhoneNumber (Emp_ID, PhoneNumber) values (136, '524-897-4655');
insert into Spring23_S003_22_EmployeePhoneNumber (Emp_ID, PhoneNumber) values (137, '557-274-8998');
insert into Spring23_S003_22_EmployeePhoneNumber (Emp_ID, PhoneNumber) values (138, '624-233-5414');
insert into Spring23_S003_22_EmployeePhoneNumber (Emp_ID, PhoneNumber) values (139, '520-120-8635');
insert into Spring23_S003_22_EmployeePhoneNumber (Emp_ID, PhoneNumber) values (140, '532-897-6393');
insert into Spring23_S003_22_EmployeePhoneNumber (Emp_ID, PhoneNumber) values (141, '634-115-3890');
insert into Spring23_S003_22_EmployeePhoneNumber (Emp_ID, PhoneNumber) values (142, '580-136-5849');
insert into Spring23_S003_22_EmployeePhoneNumber (Emp_ID, PhoneNumber) values (143, '982-301-4230');
insert into Spring23_S003_22_EmployeePhoneNumber (Emp_ID, PhoneNumber) values (144, '482-759-6911');
insert into Spring23_S003_22_EmployeePhoneNumber (Emp_ID, PhoneNumber) values (145, '954-317-9176');
insert into Spring23_S003_22_EmployeePhoneNumber (Emp_ID, PhoneNumber) values (146, '600-528-7162');
insert into Spring23_S003_22_EmployeePhoneNumber (Emp_ID, PhoneNumber) values (147, '972-143-8821');
insert into Spring23_S003_22_EmployeePhoneNumber (Emp_ID, PhoneNumber) values (148, '890-491-1920');
insert into Spring23_S003_22_EmployeePhoneNumber (Emp_ID, PhoneNumber) values (149, '508-820-0851');
insert into Spring23_S003_22_EmployeePhoneNumber (Emp_ID, PhoneNumber) values (150, '244-819-8388');
insert into Spring23_S003_22_EmployeePhoneNumber (Emp_ID, PhoneNumber) values (151, '931-476-0785');
insert into Spring23_S003_22_EmployeePhoneNumber (Emp_ID, PhoneNumber) values (152, '376-588-8554');
insert into Spring23_S003_22_EmployeePhoneNumber (Emp_ID, PhoneNumber) values (153, '345-302-4944');
insert into Spring23_S003_22_EmployeePhoneNumber (Emp_ID, PhoneNumber) values (154, '485-158-4260');
insert into Spring23_S003_22_EmployeePhoneNumber (Emp_ID, PhoneNumber) values (155, '268-846-0065');
insert into Spring23_S003_22_EmployeePhoneNumber (Emp_ID, PhoneNumber) values (156, '174-460-8711');
insert into Spring23_S003_22_EmployeePhoneNumber (Emp_ID, PhoneNumber) values (157, '828-486-6190');
insert into Spring23_S003_22_EmployeePhoneNumber (Emp_ID, PhoneNumber) values (158, '480-124-2933');
insert into Spring23_S003_22_EmployeePhoneNumber (Emp_ID, PhoneNumber) values (159, '392-169-9254');
insert into Spring23_S003_22_EmployeePhoneNumber (Emp_ID, PhoneNumber) values (160, '691-597-1557');
insert into Spring23_S003_22_EmployeePhoneNumber (Emp_ID, PhoneNumber) values (161, '912-695-8253');
insert into Spring23_S003_22_EmployeePhoneNumber (Emp_ID, PhoneNumber) values (162, '275-533-8022');
insert into Spring23_S003_22_EmployeePhoneNumber (Emp_ID, PhoneNumber) values (163, '129-782-3826');
insert into Spring23_S003_22_EmployeePhoneNumber (Emp_ID, PhoneNumber) values (164, '348-689-8976');
insert into Spring23_S003_22_EmployeePhoneNumber (Emp_ID, PhoneNumber) values (165, '166-640-4566');
insert into Spring23_S003_22_EmployeePhoneNumber (Emp_ID, PhoneNumber) values (166, '355-866-0753');
insert into Spring23_S003_22_EmployeePhoneNumber (Emp_ID, PhoneNumber) values (167, '155-152-1667');
insert into Spring23_S003_22_EmployeePhoneNumber (Emp_ID, PhoneNumber) values (168, '511-287-2836');
insert into Spring23_S003_22_EmployeePhoneNumber (Emp_ID, PhoneNumber) values (169, '921-314-7736');
insert into Spring23_S003_22_EmployeePhoneNumber (Emp_ID, PhoneNumber) values (170, '395-256-2421');
insert into Spring23_S003_22_EmployeePhoneNumber (Emp_ID, PhoneNumber) values (171, '464-430-7540');
insert into Spring23_S003_22_EmployeePhoneNumber (Emp_ID, PhoneNumber) values (172, '702-727-8718');
insert into Spring23_S003_22_EmployeePhoneNumber (Emp_ID, PhoneNumber) values (173, '414-614-2701');
insert into Spring23_S003_22_EmployeePhoneNumber (Emp_ID, PhoneNumber) values (174, '186-215-3466');
insert into Spring23_S003_22_EmployeePhoneNumber (Emp_ID, PhoneNumber) values (175, '493-371-6743');
insert into Spring23_S003_22_EmployeePhoneNumber (Emp_ID, PhoneNumber) values (176, '748-546-2980');
insert into Spring23_S003_22_EmployeePhoneNumber (Emp_ID, PhoneNumber) values (177, '892-359-8970');
insert into Spring23_S003_22_EmployeePhoneNumber (Emp_ID, PhoneNumber) values (178, '266-988-3395');
insert into Spring23_S003_22_EmployeePhoneNumber (Emp_ID, PhoneNumber) values (179, '524-419-4206');
insert into Spring23_S003_22_EmployeePhoneNumber (Emp_ID, PhoneNumber) values (180, '837-165-9828');
insert into Spring23_S003_22_EmployeePhoneNumber (Emp_ID, PhoneNumber) values (181, '764-586-6617');
insert into Spring23_S003_22_EmployeePhoneNumber (Emp_ID, PhoneNumber) values (182, '892-333-7007');
insert into Spring23_S003_22_EmployeePhoneNumber (Emp_ID, PhoneNumber) values (183, '626-878-9027');
insert into Spring23_S003_22_EmployeePhoneNumber (Emp_ID, PhoneNumber) values (184, '432-445-9475');
insert into Spring23_S003_22_EmployeePhoneNumber (Emp_ID, PhoneNumber) values (185, '280-300-4253');
insert into Spring23_S003_22_EmployeePhoneNumber (Emp_ID, PhoneNumber) values (186, '334-592-6214');
insert into Spring23_S003_22_EmployeePhoneNumber (Emp_ID, PhoneNumber) values (187, '115-706-1407');
insert into Spring23_S003_22_EmployeePhoneNumber (Emp_ID, PhoneNumber) values (188, '407-706-7821');
insert into Spring23_S003_22_EmployeePhoneNumber (Emp_ID, PhoneNumber) values (189, '556-530-9031');
insert into Spring23_S003_22_EmployeePhoneNumber (Emp_ID, PhoneNumber) values (190, '200-569-7961');
insert into Spring23_S003_22_EmployeePhoneNumber (Emp_ID, PhoneNumber) values (191, '743-609-7641');
insert into Spring23_S003_22_EmployeePhoneNumber (Emp_ID, PhoneNumber) values (192, '165-413-3224');
insert into Spring23_S003_22_EmployeePhoneNumber (Emp_ID, PhoneNumber) values (193, '266-735-3435');
insert into Spring23_S003_22_EmployeePhoneNumber (Emp_ID, PhoneNumber) values (194, '807-556-1546');
insert into Spring23_S003_22_EmployeePhoneNumber (Emp_ID, PhoneNumber) values (195, '372-427-5515');
insert into Spring23_S003_22_EmployeePhoneNumber (Emp_ID, PhoneNumber) values (196, '225-358-8105');
insert into Spring23_S003_22_EmployeePhoneNumber (Emp_ID, PhoneNumber) values (197, '209-422-4500');
insert into Spring23_S003_22_EmployeePhoneNumber (Emp_ID, PhoneNumber) values (198, '266-863-7022');
insert into Spring23_S003_22_EmployeePhoneNumber (Emp_ID, PhoneNumber) values (199, '758-665-5161');
insert into Spring23_S003_22_EmployeePhoneNumber (Emp_ID, PhoneNumber) values (200, '212-716-3125');
insert into Spring23_S003_22_EmployeePhoneNumber (Emp_ID, PhoneNumber) values (201, '239-309-0882');
insert into Spring23_S003_22_EmployeePhoneNumber (Emp_ID, PhoneNumber) values (202, '104-448-8376');
insert into Spring23_S003_22_EmployeePhoneNumber (Emp_ID, PhoneNumber) values (203, '533-947-1669');
insert into Spring23_S003_22_EmployeePhoneNumber (Emp_ID, PhoneNumber) values (204, '818-989-0392');
insert into Spring23_S003_22_EmployeePhoneNumber (Emp_ID, PhoneNumber) values (205, '877-302-9771');
insert into Spring23_S003_22_EmployeePhoneNumber (Emp_ID, PhoneNumber) values (206, '580-936-5258');
insert into Spring23_S003_22_EmployeePhoneNumber (Emp_ID, PhoneNumber) values (207, '443-813-4994');
insert into Spring23_S003_22_EmployeePhoneNumber (Emp_ID, PhoneNumber) values (208, '982-698-5572');
insert into Spring23_S003_22_EmployeePhoneNumber (Emp_ID, PhoneNumber) values (209, '711-900-5986');
insert into Spring23_S003_22_EmployeePhoneNumber (Emp_ID, PhoneNumber) values (210, '425-957-0898');
insert into Spring23_S003_22_EmployeePhoneNumber (Emp_ID, PhoneNumber) values (211, '253-835-1384');
insert into Spring23_S003_22_EmployeePhoneNumber (Emp_ID, PhoneNumber) values (212, '723-416-6239');
insert into Spring23_S003_22_EmployeePhoneNumber (Emp_ID, PhoneNumber) values (213, '768-100-3799');
insert into Spring23_S003_22_EmployeePhoneNumber (Emp_ID, PhoneNumber) values (214, '954-463-1079');
insert into Spring23_S003_22_EmployeePhoneNumber (Emp_ID, PhoneNumber) values (215, '348-795-9974');
insert into Spring23_S003_22_EmployeePhoneNumber (Emp_ID, PhoneNumber) values (216, '873-137-5955');
insert into Spring23_S003_22_EmployeePhoneNumber (Emp_ID, PhoneNumber) values (217, '688-132-4940');
insert into Spring23_S003_22_EmployeePhoneNumber (Emp_ID, PhoneNumber) values (218, '343-691-1178');
insert into Spring23_S003_22_EmployeePhoneNumber (Emp_ID, PhoneNumber) values (219, '101-129-3844');
insert into Spring23_S003_22_EmployeePhoneNumber (Emp_ID, PhoneNumber) values (220, '744-310-2200');
insert into Spring23_S003_22_EmployeePhoneNumber (Emp_ID, PhoneNumber) values (221, '290-747-3095');
insert into Spring23_S003_22_EmployeePhoneNumber (Emp_ID, PhoneNumber) values (222, '874-651-0813');
insert into Spring23_S003_22_EmployeePhoneNumber (Emp_ID, PhoneNumber) values (223, '409-865-2636');
insert into Spring23_S003_22_EmployeePhoneNumber (Emp_ID, PhoneNumber) values (224, '764-874-8190');
insert into Spring23_S003_22_EmployeePhoneNumber (Emp_ID, PhoneNumber) values (225, '428-294-7137');
insert into Spring23_S003_22_EmployeePhoneNumber (Emp_ID, PhoneNumber) values (226, '695-374-2550');
insert into Spring23_S003_22_EmployeePhoneNumber (Emp_ID, PhoneNumber) values (227, '590-542-4176');
insert into Spring23_S003_22_EmployeePhoneNumber (Emp_ID, PhoneNumber) values (228, '832-726-8373');
insert into Spring23_S003_22_EmployeePhoneNumber (Emp_ID, PhoneNumber) values (229, '956-579-8583');
insert into Spring23_S003_22_EmployeePhoneNumber (Emp_ID, PhoneNumber) values (230, '861-333-7013');
insert into Spring23_S003_22_EmployeePhoneNumber (Emp_ID, PhoneNumber) values (231, '461-432-4224');
insert into Spring23_S003_22_EmployeePhoneNumber (Emp_ID, PhoneNumber) values (232, '775-147-9653');
insert into Spring23_S003_22_EmployeePhoneNumber (Emp_ID, PhoneNumber) values (233, '480-137-0048');
insert into Spring23_S003_22_EmployeePhoneNumber (Emp_ID, PhoneNumber) values (234, '852-897-8219');
insert into Spring23_S003_22_EmployeePhoneNumber (Emp_ID, PhoneNumber) values (235, '488-421-1067');
insert into Spring23_S003_22_EmployeePhoneNumber (Emp_ID, PhoneNumber) values (236, '965-955-9913');
insert into Spring23_S003_22_EmployeePhoneNumber (Emp_ID, PhoneNumber) values (237, '756-634-8128');
insert into Spring23_S003_22_EmployeePhoneNumber (Emp_ID, PhoneNumber) values (238, '304-777-7759');
insert into Spring23_S003_22_EmployeePhoneNumber (Emp_ID, PhoneNumber) values (239, '817-613-2465');
insert into Spring23_S003_22_EmployeePhoneNumber (Emp_ID, PhoneNumber) values (240, '269-355-4821');
insert into Spring23_S003_22_EmployeePhoneNumber (Emp_ID, PhoneNumber) values (241, '227-723-5530');
insert into Spring23_S003_22_EmployeePhoneNumber (Emp_ID, PhoneNumber) values (242, '826-711-3118');
insert into Spring23_S003_22_EmployeePhoneNumber (Emp_ID, PhoneNumber) values (243, '526-655-2992');
insert into Spring23_S003_22_EmployeePhoneNumber (Emp_ID, PhoneNumber) values (244, '820-386-7137');
insert into Spring23_S003_22_EmployeePhoneNumber (Emp_ID, PhoneNumber) values (245, '917-703-8482');
insert into Spring23_S003_22_EmployeePhoneNumber (Emp_ID, PhoneNumber) values (246, '135-552-0224');
insert into Spring23_S003_22_EmployeePhoneNumber (Emp_ID, PhoneNumber) values (247, '428-208-1655');
insert into Spring23_S003_22_EmployeePhoneNumber (Emp_ID, PhoneNumber) values (248, '461-268-4540');
insert into Spring23_S003_22_EmployeePhoneNumber (Emp_ID, PhoneNumber) values (249, '813-168-6503');
insert into Spring23_S003_22_EmployeePhoneNumber (Emp_ID, PhoneNumber) values (250, '410-239-5881');
insert into Spring23_S003_22_EmployeePhoneNumber (Emp_ID, PhoneNumber) values (251, '218-119-9579');
insert into Spring23_S003_22_EmployeePhoneNumber (Emp_ID, PhoneNumber) values (252, '754-717-9810');
insert into Spring23_S003_22_EmployeePhoneNumber (Emp_ID, PhoneNumber) values (253, '497-406-1129');
insert into Spring23_S003_22_EmployeePhoneNumber (Emp_ID, PhoneNumber) values (254, '642-719-5257');
insert into Spring23_S003_22_EmployeePhoneNumber (Emp_ID, PhoneNumber) values (255, '757-657-8425');
insert into Spring23_S003_22_EmployeePhoneNumber (Emp_ID, PhoneNumber) values (256, '183-422-2644');
insert into Spring23_S003_22_EmployeePhoneNumber (Emp_ID, PhoneNumber) values (257, '432-847-1463');
insert into Spring23_S003_22_EmployeePhoneNumber (Emp_ID, PhoneNumber) values (258, '553-986-8865');
insert into Spring23_S003_22_EmployeePhoneNumber (Emp_ID, PhoneNumber) values (259, '641-809-0615');
insert into Spring23_S003_22_EmployeePhoneNumber (Emp_ID, PhoneNumber) values (260, '322-635-3824');
insert into Spring23_S003_22_EmployeePhoneNumber (Emp_ID, PhoneNumber) values (261, '817-488-1049');
insert into Spring23_S003_22_EmployeePhoneNumber (Emp_ID, PhoneNumber) values (262, '682-423-6751');
insert into Spring23_S003_22_EmployeePhoneNumber (Emp_ID, PhoneNumber) values (263, '186-891-0328');
insert into Spring23_S003_22_EmployeePhoneNumber (Emp_ID, PhoneNumber) values (264, '352-732-3477');
insert into Spring23_S003_22_EmployeePhoneNumber (Emp_ID, PhoneNumber) values (265, '180-122-7850');
insert into Spring23_S003_22_EmployeePhoneNumber (Emp_ID, PhoneNumber) values (266, '554-649-7892');
insert into Spring23_S003_22_EmployeePhoneNumber (Emp_ID, PhoneNumber) values (267, '528-241-6095');
insert into Spring23_S003_22_EmployeePhoneNumber (Emp_ID, PhoneNumber) values (268, '286-747-1309');
insert into Spring23_S003_22_EmployeePhoneNumber (Emp_ID, PhoneNumber) values (269, '660-993-4131');
insert into Spring23_S003_22_EmployeePhoneNumber (Emp_ID, PhoneNumber) values (270, '610-416-3982');
insert into Spring23_S003_22_EmployeePhoneNumber (Emp_ID, PhoneNumber) values (271, '611-870-9305');
insert into Spring23_S003_22_EmployeePhoneNumber (Emp_ID, PhoneNumber) values (272, '826-778-9956');
insert into Spring23_S003_22_EmployeePhoneNumber (Emp_ID, PhoneNumber) values (273, '869-872-3307');
insert into Spring23_S003_22_EmployeePhoneNumber (Emp_ID, PhoneNumber) values (274, '167-409-8796');
insert into Spring23_S003_22_EmployeePhoneNumber (Emp_ID, PhoneNumber) values (275, '813-144-7206');
insert into Spring23_S003_22_EmployeePhoneNumber (Emp_ID, PhoneNumber) values (276, '584-757-3886');
insert into Spring23_S003_22_EmployeePhoneNumber (Emp_ID, PhoneNumber) values (277, '983-992-3575');
insert into Spring23_S003_22_EmployeePhoneNumber (Emp_ID, PhoneNumber) values (278, '711-299-9823');
insert into Spring23_S003_22_EmployeePhoneNumber (Emp_ID, PhoneNumber) values (279, '993-187-7991');
insert into Spring23_S003_22_EmployeePhoneNumber (Emp_ID, PhoneNumber) values (280, '941-710-7329');
insert into Spring23_S003_22_EmployeePhoneNumber (Emp_ID, PhoneNumber) values (281, '402-165-3512');
insert into Spring23_S003_22_EmployeePhoneNumber (Emp_ID, PhoneNumber) values (282, '181-158-4217');
insert into Spring23_S003_22_EmployeePhoneNumber (Emp_ID, PhoneNumber) values (283, '725-418-9201');
insert into Spring23_S003_22_EmployeePhoneNumber (Emp_ID, PhoneNumber) values (284, '841-893-5400');
insert into Spring23_S003_22_EmployeePhoneNumber (Emp_ID, PhoneNumber) values (285, '637-396-7157');
insert into Spring23_S003_22_EmployeePhoneNumber (Emp_ID, PhoneNumber) values (286, '654-665-4055');
insert into Spring23_S003_22_EmployeePhoneNumber (Emp_ID, PhoneNumber) values (287, '281-669-2959');
insert into Spring23_S003_22_EmployeePhoneNumber (Emp_ID, PhoneNumber) values (288, '599-199-9811');
insert into Spring23_S003_22_EmployeePhoneNumber (Emp_ID, PhoneNumber) values (289, '241-681-9855');
insert into Spring23_S003_22_EmployeePhoneNumber (Emp_ID, PhoneNumber) values (290, '338-705-0649');
insert into Spring23_S003_22_EmployeePhoneNumber (Emp_ID, PhoneNumber) values (291, '556-249-9485');
insert into Spring23_S003_22_EmployeePhoneNumber (Emp_ID, PhoneNumber) values (292, '491-206-7420');
insert into Spring23_S003_22_EmployeePhoneNumber (Emp_ID, PhoneNumber) values (293, '654-193-5000');
insert into Spring23_S003_22_EmployeePhoneNumber (Emp_ID, PhoneNumber) values (294, '113-766-5171');
insert into Spring23_S003_22_EmployeePhoneNumber (Emp_ID, PhoneNumber) values (295, '975-918-7731');
insert into Spring23_S003_22_EmployeePhoneNumber (Emp_ID, PhoneNumber) values (296, '890-110-8254');
insert into Spring23_S003_22_EmployeePhoneNumber (Emp_ID, PhoneNumber) values (297, '439-411-7958');
insert into Spring23_S003_22_EmployeePhoneNumber (Emp_ID, PhoneNumber) values (298, '150-556-0689');
insert into Spring23_S003_22_EmployeePhoneNumber (Emp_ID, PhoneNumber) values (299, '742-908-7045');
insert into Spring23_S003_22_EmployeePhoneNumber (Emp_ID, PhoneNumber) values (300, '292-806-7215');
insert into Spring23_S003_22_EmployeePhoneNumber (Emp_ID, PhoneNumber) values (1, '425-460-4177');
insert into Spring23_S003_22_EmployeePhoneNumber (Emp_ID, PhoneNumber) values (2, '587-474-7631');
insert into Spring23_S003_22_EmployeePhoneNumber (Emp_ID, PhoneNumber) values (3, '650-952-8493');
insert into Spring23_S003_22_EmployeePhoneNumber (Emp_ID, PhoneNumber) values (4, '876-546-5859');
insert into Spring23_S003_22_EmployeePhoneNumber (Emp_ID, PhoneNumber) values (5, '244-623-8628');
insert into Spring23_S003_22_EmployeePhoneNumber (Emp_ID, PhoneNumber) values (6, '728-491-8407');
insert into Spring23_S003_22_EmployeePhoneNumber (Emp_ID, PhoneNumber) values (7, '833-633-4116');
insert into Spring23_S003_22_EmployeePhoneNumber (Emp_ID, PhoneNumber) values (8, '711-480-8071');
insert into Spring23_S003_22_EmployeePhoneNumber (Emp_ID, PhoneNumber) values (9, '376-488-0972');
insert into Spring23_S003_22_EmployeePhoneNumber (Emp_ID, PhoneNumber) values (10, '569-607-4871');
insert into Spring23_S003_22_EmployeePhoneNumber (Emp_ID, PhoneNumber) values (11, '415-254-5280');
insert into Spring23_S003_22_EmployeePhoneNumber (Emp_ID, PhoneNumber) values (12, '990-427-8454');
insert into Spring23_S003_22_EmployeePhoneNumber (Emp_ID, PhoneNumber) values (13, '418-793-3072');
insert into Spring23_S003_22_EmployeePhoneNumber (Emp_ID, PhoneNumber) values (14, '263-351-4059');
insert into Spring23_S003_22_EmployeePhoneNumber (Emp_ID, PhoneNumber) values (15, '469-503-9557');
insert into Spring23_S003_22_EmployeePhoneNumber (Emp_ID, PhoneNumber) values (16, '827-565-8506');
insert into Spring23_S003_22_EmployeePhoneNumber (Emp_ID, PhoneNumber) values (17, '800-103-7205');
insert into Spring23_S003_22_EmployeePhoneNumber (Emp_ID, PhoneNumber) values (18, '191-275-6641');
insert into Spring23_S003_22_EmployeePhoneNumber (Emp_ID, PhoneNumber) values (19, '948-298-4961');
insert into Spring23_S003_22_EmployeePhoneNumber (Emp_ID, PhoneNumber) values (20, '730-727-1198');
insert into Spring23_S003_22_EmployeePhoneNumber (Emp_ID, PhoneNumber) values (21, '232-495-2934');
insert into Spring23_S003_22_EmployeePhoneNumber (Emp_ID, PhoneNumber) values (22, '360-254-2152');
insert into Spring23_S003_22_EmployeePhoneNumber (Emp_ID, PhoneNumber) values (23, '315-329-7141');
insert into Spring23_S003_22_EmployeePhoneNumber (Emp_ID, PhoneNumber) values (24, '162-407-7258');
insert into Spring23_S003_22_EmployeePhoneNumber (Emp_ID, PhoneNumber) values (25, '619-904-7385');
insert into Spring23_S003_22_EmployeePhoneNumber (Emp_ID, PhoneNumber) values (26, '791-445-0041');
insert into Spring23_S003_22_EmployeePhoneNumber (Emp_ID, PhoneNumber) values (27, '904-390-7864');
insert into Spring23_S003_22_EmployeePhoneNumber (Emp_ID, PhoneNumber) values (28, '713-435-3843');
insert into Spring23_S003_22_EmployeePhoneNumber (Emp_ID, PhoneNumber) values (29, '267-280-0549');
insert into Spring23_S003_22_EmployeePhoneNumber (Emp_ID, PhoneNumber) values (30, '497-855-1467');
insert into Spring23_S003_22_EmployeePhoneNumber (Emp_ID, PhoneNumber) values (31, '670-138-2279');
insert into Spring23_S003_22_EmployeePhoneNumber (Emp_ID, PhoneNumber) values (32, '738-456-3186');
insert into Spring23_S003_22_EmployeePhoneNumber (Emp_ID, PhoneNumber) values (33, '523-249-4756');
insert into Spring23_S003_22_EmployeePhoneNumber (Emp_ID, PhoneNumber) values (34, '196-374-9598');
insert into Spring23_S003_22_EmployeePhoneNumber (Emp_ID, PhoneNumber) values (35, '888-386-1995');
insert into Spring23_S003_22_EmployeePhoneNumber (Emp_ID, PhoneNumber) values (36, '605-956-6049');
insert into Spring23_S003_22_EmployeePhoneNumber (Emp_ID, PhoneNumber) values (37, '441-971-4613');
insert into Spring23_S003_22_EmployeePhoneNumber (Emp_ID, PhoneNumber) values (38, '946-582-0664');
insert into Spring23_S003_22_EmployeePhoneNumber (Emp_ID, PhoneNumber) values (39, '368-802-2865');
insert into Spring23_S003_22_EmployeePhoneNumber (Emp_ID, PhoneNumber) values (40, '700-572-7736');
insert into Spring23_S003_22_EmployeePhoneNumber (Emp_ID, PhoneNumber) values (41, '284-889-1427');
insert into Spring23_S003_22_EmployeePhoneNumber (Emp_ID, PhoneNumber) values (42, '611-758-5031');
insert into Spring23_S003_22_EmployeePhoneNumber (Emp_ID, PhoneNumber) values (43, '817-155-3180');
insert into Spring23_S003_22_EmployeePhoneNumber (Emp_ID, PhoneNumber) values (44, '636-311-1129');
insert into Spring23_S003_22_EmployeePhoneNumber (Emp_ID, PhoneNumber) values (45, '942-922-3762');
insert into Spring23_S003_22_EmployeePhoneNumber (Emp_ID, PhoneNumber) values (46, '359-589-4866');
insert into Spring23_S003_22_EmployeePhoneNumber (Emp_ID, PhoneNumber) values (47, '907-264-2291');
insert into Spring23_S003_22_EmployeePhoneNumber (Emp_ID, PhoneNumber) values (48, '725-536-9117');
insert into Spring23_S003_22_EmployeePhoneNumber (Emp_ID, PhoneNumber) values (49, '482-127-5922');
insert into Spring23_S003_22_EmployeePhoneNumber (Emp_ID, PhoneNumber) values (50, '380-713-0189');



-------------------------------------------Inserting Values into Spring23_S003_22_Customer Relation--------------------------

insert into Spring23_S003_22_Customer (CustID, CustomerName, Amount, Email, ContactNumber) values (1, 'Gilbert Zorzutti', 594.29, 'gzorzutti0@sourceforge.net', '110-495-9853');
insert into Spring23_S003_22_Customer (CustID, CustomerName, Amount, Email, ContactNumber) values (2, 'Lelia Fancourt', 2811.14, 'lfancourt1@desdev.cn', '388-861-2059');
insert into Spring23_S003_22_Customer (CustID, CustomerName, Amount, Email, ContactNumber) values (3, 'Temple Aggott', 379.09, 'taggott2@gov.uk', '511-882-4704');
insert into Spring23_S003_22_Customer (CustID, CustomerName, Amount, Email, ContactNumber) values (4, 'Coleman Ismail', 8989.33, 'cismail3@free.fr', '362-873-5151');
insert into Spring23_S003_22_Customer (CustID, CustomerName, Amount, Email, ContactNumber) values (5, 'Adel Cradey', 9873.05, 'acradey4@un.org', '978-603-0841');
insert into Spring23_S003_22_Customer (CustID, CustomerName, Amount, Email, ContactNumber) values (6, 'Ronni Jewise', 4447.31, 'rjewise5@jiathis.com', '290-222-3884');
insert into Spring23_S003_22_Customer (CustID, CustomerName, Amount, Email, ContactNumber) values (7, 'Travus Sellar', 321.42, 'tsellar6@vistaprint.com', '941-139-3762');
insert into Spring23_S003_22_Customer (CustID, CustomerName, Amount, Email, ContactNumber) values (8, 'Fifine Ebbers', 871.76, 'febbers7@wisc.edu', '717-247-3671');
insert into Spring23_S003_22_Customer (CustID, CustomerName, Amount, Email, ContactNumber) values (9, 'Marcus Sutterfield', 9554.28, 'msutterfield8@google.ca', '915-470-8987');
insert into Spring23_S003_22_Customer (CustID, CustomerName, Amount, Email, ContactNumber) values (10, 'Fancie McPolin', 747.28, 'fmcpolin9@ca.gov', '680-407-1492');
insert into Spring23_S003_22_Customer (CustID, CustomerName, Amount, Email, ContactNumber) values (11, 'Kaia Orhrt', 698.90, 'korhrta@census.gov', '372-894-1395');
insert into Spring23_S003_22_Customer (CustID, CustomerName, Amount, Email, ContactNumber) values (12, 'Wilma Beeton', 5080.05, 'wbeetonb@berkeley.edu', '614-955-0294');
insert into Spring23_S003_22_Customer (CustID, CustomerName, Amount, Email, ContactNumber) values (13, 'Tobin Fortey', 9585.71, 'tforteyc@mapy.cz', '265-807-5086');
insert into Spring23_S003_22_Customer (CustID, CustomerName, Amount, Email, ContactNumber) values (14, 'Travus Traher', 1990.64, 'ttraherd@fda.gov', '604-280-4082');
insert into Spring23_S003_22_Customer (CustID, CustomerName, Amount, Email, ContactNumber) values (15, 'Rubie Falck', 0772.09, 'rfalcke@seesaa.net', '674-147-2660');
insert into Spring23_S003_22_Customer (CustID, CustomerName, Amount, Email, ContactNumber) values (16, 'Jen Kesby', 2861.69, 'jkesbyf@geocities.jp', '949-328-7975');
insert into Spring23_S003_22_Customer (CustID, CustomerName, Amount, Email, ContactNumber) values (17, 'Sanford Renault', 266.87, 'srenaultg@smh.com.au', '680-435-6273');
insert into Spring23_S003_22_Customer (CustID, CustomerName, Amount, Email, ContactNumber) values (18, 'Tamqrah O'' Hern', 5325.01, 'toh@about.me', '964-500-6686');
insert into Spring23_S003_22_Customer (CustID, CustomerName, Amount, Email, ContactNumber) values (19, 'Alden Mateus', 3783.67, 'amateusi@japanpost.jp', '770-226-0011');
insert into Spring23_S003_22_Customer (CustID, CustomerName, Amount, Email, ContactNumber) values (20, 'Constancia Crangle', 4518.86, 'ccranglej@booking.com', '917-514-2549');
insert into Spring23_S003_22_Customer (CustID, CustomerName, Amount, Email, ContactNumber) values (21, 'Abigale Priddis', 648.44, 'apriddisk@ftc.gov', '771-272-0041');
insert into Spring23_S003_22_Customer (CustID, CustomerName, Amount, Email, ContactNumber) values (22, 'Hamel Torresi', 496.79, 'htorresil@dot.gov', '510-925-6228');
insert into Spring23_S003_22_Customer (CustID, CustomerName, Amount, Email, ContactNumber) values (23, 'Janos Goldsby', 9182.05, 'jgoldsbym@digg.com', '614-821-8002');
insert into Spring23_S003_22_Customer (CustID, CustomerName, Amount, Email, ContactNumber) values (24, 'Darby Gagen', 8391.16, 'dgagenn@unblog.fr', '635-500-1622');
insert into Spring23_S003_22_Customer (CustID, CustomerName, Amount, Email, ContactNumber) values (25, 'Dorisa McKibbin', 866.43, 'dmckibbino@epa.gov', '135-850-5366');
insert into Spring23_S003_22_Customer (CustID, CustomerName, Amount, Email, ContactNumber) values (26, 'Kynthia Hamilton', 4010.86, 'khamiltonp@linkedin.com', '201-279-5265');
insert into Spring23_S003_22_Customer (CustID, CustomerName, Amount, Email, ContactNumber) values (27, 'Margette Boyland', 5313.61, 'mboylandq@google.it', '109-161-1755');
insert into Spring23_S003_22_Customer (CustID, CustomerName, Amount, Email, ContactNumber) values (28, 'Silvia Starie', 7091.07, 'sstarier@typepad.com', '371-985-6969');
insert into Spring23_S003_22_Customer (CustID, CustomerName, Amount, Email, ContactNumber) values (29, 'Bruis Benford', 187.93, 'bbenfords@i2i.jp', '971-876-1985');
insert into Spring23_S003_22_Customer (CustID, CustomerName, Amount, Email, ContactNumber) values (30, 'Slade Lethbridge', 7161.19, 'slethbridget@live.com', '346-698-8092');
insert into Spring23_S003_22_Customer (CustID, CustomerName, Amount, Email, ContactNumber) values (31, 'Myrtice Haet', 255.29, 'mhaetu@globo.com', '534-450-9090');
insert into Spring23_S003_22_Customer (CustID, CustomerName, Amount, Email, ContactNumber) values (32, 'Wilbur Pirdy', 527.35, 'wpirdyv@freewebs.com', '445-849-9665');
insert into Spring23_S003_22_Customer (CustID, CustomerName, Amount, Email, ContactNumber) values (33, 'Olin Yerson', 3804.40, 'oyersonw@shutterfly.com', '356-786-4933');
insert into Spring23_S003_22_Customer (CustID, CustomerName, Amount, Email, ContactNumber) values (34, 'Manda Dyde', 511.15, 'mdydex@salon.com', '110-765-3885');
insert into Spring23_S003_22_Customer (CustID, CustomerName, Amount, Email, ContactNumber) values (35, 'Carmen Finneran', 375.46, 'cfinnerany@constantcontact.com', '793-178-8850');
insert into Spring23_S003_22_Customer (CustID, CustomerName, Amount, Email, ContactNumber) values (36, 'Allyson Stow', 5220.10, 'astowz@ameblo.jp', '581-284-3487');
insert into Spring23_S003_22_Customer (CustID, CustomerName, Amount, Email, ContactNumber) values (37, 'Josi Knoles', 488.30, 'jknoles10@cbc.ca', '590-958-4750');
insert into Spring23_S003_22_Customer (CustID, CustomerName, Amount, Email, ContactNumber) values (38, 'Fredericka O'' Mahony', 501.15, 'fo11@merriam-webster.com', '398-769-0462');
insert into Spring23_S003_22_Customer (CustID, CustomerName, Amount, Email, ContactNumber) values (39, 'Robby Mcasparan', 934.93, 'rmcasparan12@merriam-webster.com', '620-582-6518');
insert into Spring23_S003_22_Customer (CustID, CustomerName, Amount, Email, ContactNumber) values (40, 'Allie de Clerq', 7486.06, 'ade13@techcrunch.com', '806-299-8342');
insert into Spring23_S003_22_Customer (CustID, CustomerName, Amount, Email, ContactNumber) values (41, 'Moritz Kohnemann', 3581.41, 'mkohnemann14@usa.gov', '688-245-7182');
insert into Spring23_S003_22_Customer (CustID, CustomerName, Amount, Email, ContactNumber) values (42, 'Eartha Murthwaite', 501.00, 'emurthwaite15@google.fr', '368-609-6177');
insert into Spring23_S003_22_Customer (CustID, CustomerName, Amount, Email, ContactNumber) values (43, 'Alia Webby', 2262.38, 'awebby16@vk.com', '746-782-3377');
insert into Spring23_S003_22_Customer (CustID, CustomerName, Amount, Email, ContactNumber) values (44, 'Burtie Boakes', 10.66, 'bboakes17@usgs.gov', '527-859-6092');
insert into Spring23_S003_22_Customer (CustID, CustomerName, Amount, Email, ContactNumber) values (45, 'Jemmy Murname', 5614.53, 'jmurname18@amazon.co.jp', '807-116-6866');
insert into Spring23_S003_22_Customer (CustID, CustomerName, Amount, Email, ContactNumber) values (46, 'Uriel Pindar', 5352.37, 'upindar19@bizjournals.com', '490-479-4409');
insert into Spring23_S003_22_Customer (CustID, CustomerName, Amount, Email, ContactNumber) values (47, 'Emmanuel Parkisson', 9980.46, 'eparkisson1a@ebay.co.uk', '889-122-9283');
insert into Spring23_S003_22_Customer (CustID, CustomerName, Amount, Email, ContactNumber) values (48, 'Alvie Ambrois', 4842.34, 'aambrois1b@clickbank.net', '726-226-7274');
insert into Spring23_S003_22_Customer (CustID, CustomerName, Amount, Email, ContactNumber) values (49, 'Devin Arthey', 5657.94, 'darthey1c@twitpic.com', '188-934-8801');
insert into Spring23_S003_22_Customer (CustID, CustomerName, Amount, Email, ContactNumber) values (50, 'Zeb Hector', 2032.74, 'zhector1d@reference.com', '540-653-0258');
insert into Spring23_S003_22_Customer (CustID, CustomerName, Amount, Email, ContactNumber) values (51, 'Noell Wein', 6769.79, 'nwein1e@lycos.com', '600-685-0442');
insert into Spring23_S003_22_Customer (CustID, CustomerName, Amount, Email, ContactNumber) values (52, 'Ruggiero Cleverly', 5603.82, 'rcleverly1f@webeden.co.uk', '363-240-8791');
insert into Spring23_S003_22_Customer (CustID, CustomerName, Amount, Email, ContactNumber) values (53, 'Inge Stitwell', 2347.59, 'istitwell1g@imdb.com', '850-182-7074');
insert into Spring23_S003_22_Customer (CustID, CustomerName, Amount, Email, ContactNumber) values (54, 'Palmer Smallwood', 2463.67, 'psmallwood1h@columbia.edu', '553-427-5909');
insert into Spring23_S003_22_Customer (CustID, CustomerName, Amount, Email, ContactNumber) values (55, 'Jeralee Cecere', 534.13, 'jcecere1i@printfriendly.com', '691-898-4903');
insert into Spring23_S003_22_Customer (CustID, CustomerName, Amount, Email, ContactNumber) values (56, 'Rozelle Farn', 40.21, 'rfarn1j@ocn.ne.jp', '941-746-0916');
insert into Spring23_S003_22_Customer (CustID, CustomerName, Amount, Email, ContactNumber) values (57, 'Madelon Wake', 3275.00, 'mwake1k@people.com.cn', '350-746-3799');
insert into Spring23_S003_22_Customer (CustID, CustomerName, Amount, Email, ContactNumber) values (58, 'Jo ann Ellins', 590.50, 'jann1l@ustream.tv', '956-377-2778');
insert into Spring23_S003_22_Customer (CustID, CustomerName, Amount, Email, ContactNumber) values (59, 'Fernando Minette', 6758.39, 'fminette1m@amazon.co.jp', '726-554-4509');
insert into Spring23_S003_22_Customer (CustID, CustomerName, Amount, Email, ContactNumber) values (60, 'Demetris Goady', 4490.04, 'dgoady1n@rediff.com', '252-920-3465');
insert into Spring23_S003_22_Customer (CustID, CustomerName, Amount, Email, ContactNumber) values (61, 'Tine Cardis', 6622.29, 'tcardis1o@foxnews.com', '161-490-2945');
insert into Spring23_S003_22_Customer (CustID, CustomerName, Amount, Email, ContactNumber) values (62, 'Nicola McBeith', 4857.53, 'nmcbeith1p@lulu.com', '680-767-5695');
insert into Spring23_S003_22_Customer (CustID, CustomerName, Amount, Email, ContactNumber) values (63, 'Corrie Asher', 247.37, 'casher1q@friendfeed.com', '777-502-8088');
insert into Spring23_S003_22_Customer (CustID, CustomerName, Amount, Email, ContactNumber) values (64, 'Sybille Stickings', 9672.27, 'sstickings1r@linkedin.com', '671-129-4415');
insert into Spring23_S003_22_Customer (CustID, CustomerName, Amount, Email, ContactNumber) values (65, 'Coral Pinson', 3137.08, 'cpinson1s@simplemachines.org', '167-683-9465');
insert into Spring23_S003_22_Customer (CustID, CustomerName, Amount, Email, ContactNumber) values (66, 'Ardath Preist', 4525.10, 'apreist1t@t.co', '367-475-0692');
insert into Spring23_S003_22_Customer (CustID, CustomerName, Amount, Email, ContactNumber) values (67, 'Bertie Jenk', 744.85, 'bjenk1u@github.io', '581-180-3343');
insert into Spring23_S003_22_Customer (CustID, CustomerName, Amount, Email, ContactNumber) values (68, 'Hayley Antham', 6784.88, 'hantham1v@hostgator.com', '461-329-4717');
insert into Spring23_S003_22_Customer (CustID, CustomerName, Amount, Email, ContactNumber) values (69, 'Dannye Eagles', 7985.83, 'deagles1w@linkedin.com', '556-346-8531');
insert into Spring23_S003_22_Customer (CustID, CustomerName, Amount, Email, ContactNumber) values (70, 'Ekaterina Beccles', 9359.75, 'ebeccles1x@infoseek.co.jp', '479-721-5267');


-------------------------------------------Inserting Values into Spring23_S003_22_Category Relation--------------------------


insert into Spring23_S003_22_Category(CatID, CatName, NumberOfItems, TotalCost) values (1, 'Clothing', 9234, 5408.07);
insert into Spring23_S003_22_Category(CatID, CatName, NumberOfItems, TotalCost) values (2, 'Shoes', 9463, 2075.83);
insert into Spring23_S003_22_Category (CatID, CatName, NumberOfItems, TotalCost) values (3, 'Beauty', 0488, 3009.40);
insert into Spring23_S003_22_Category (CatID, CatName, NumberOfItems, TotalCost) values (4, 'Computer Parts', 5820, 5980.99);
insert into Spring23_S003_22_Category (CatID, CatName, NumberOfItems, TotalCost) values (5, 'Health', 8262, 5155.97);
insert into Spring23_S003_22_Category (CatID, CatName, NumberOfItems, TotalCost) values (6, 'Candies', 1943, 8818.28);
insert into Spring23_S003_22_Category (CatID, CatName, NumberOfItems, TotalCost) values (7, 'Pharmacy', 7304, 7331.51);
insert into Spring23_S003_22_Category (CatID, CatName, NumberOfItems, TotalCost) values (8, 'Food', 4447, 4292.84);
insert into Spring23_S003_22_Category(CatID, CatName, NumberOfItems, TotalCost) values (9, 'Books', 6188, 0517.87);
insert into Spring23_S003_22_Category(CatID, CatName, NumberOfItems, TotalCost) values (10, 'Toys', 6683, 9563.24);
insert into Spring23_S003_22_Category (CatID, CatName, NumberOfItems, TotalCost) values (11, 'Tools', 2787, 8778.36);
insert into Spring23_S003_22_Category  (CatID, CatName, NumberOfItems, TotalCost) values (12, 'Automotive', 9315, 9881.72);
insert into Spring23_S003_22_Category (CatID, CatName, NumberOfItems, TotalCost) values (13, 'Music', 545, 935.90);
insert into Spring23_S003_22_Category  (CatID, CatName, NumberOfItems, TotalCost) values (14, 'Home', 3670, 2116.36);
insert into Spring23_S003_22_Category  (CatID, CatName, NumberOfItems, TotalCost) values (15, 'Art', 7318, 6021.30);
insert into Spring23_S003_22_Category  (CatID, CatName, NumberOfItems, TotalCost) values (16, 'Furniture', 2565, 743.66);
insert into Spring23_S003_22_Category  (CatID, CatName, NumberOfItems, TotalCost) values (17, 'Electronics', 396, 7508.53);
insert into Spring23_S003_22_Category  (CatID, CatName, NumberOfItems, TotalCost) values (18, 'Snacks', 1117, 2909.07);
insert into Spring23_S003_22_Category  (CatID, CatName, NumberOfItems, TotalCost) values (19, 'Sports', 4195, 4519.18);
insert into Spring23_S003_22_Category  (CatID, CatName, NumberOfItems, TotalCost) values (20, 'Baby Products', 1594, 8463.59);




-------------------------------------------Inserting Values into Spring23_S003_22_Products Relation--------------------------

insert into Spring23_S003_22_Products (PdtID, PdtName, PdtAvailability, PriceOfPdt, PdtLocation, PdtType, CategoryID, StoreID) values (1, 'Craftsman 450-Piece Mechanic s Tool Set', 'Y', 746.80, 'C3', 'Tools', 11, 1);
insert into Spring23_S003_22_Products (PdtID, PdtName, PdtAvailability, PriceOfPdt, PdtLocation, PdtType, CategoryID, StoreID) values (2, 'Wilson Pro Staff tennis racquet', 'Y', 867.56, 'U3', 'Sports', 19, 2);
insert into Spring23_S003_22_Products (PdtID, PdtName, PdtAvailability, PriceOfPdt, PdtLocation, PdtType, CategoryID, StoreID) values (3, 'Adidas Predator soccer cleats', 'Y', 789.60, 'M9', 'Sports', 19, 3);
insert into Spring23_S003_22_Products (PdtID, PdtName, PdtAvailability, PriceOfPdt, PdtLocation, PdtType, CategoryID, StoreID) values (4, 'Advil (ibuprofen) pain reliever', 'Y', 980.14, 'C4', 'Pharmacy', 7, 4);
insert into Spring23_S003_22_Products (PdtID, PdtName, PdtAvailability, PriceOfPdt, PdtLocation, PdtType, CategoryID, StoreID) values (5, 'Tylenol ', 'Y', 388.35, 'H9', 'Pharmacy', 7, 5);
insert into Spring23_S003_22_Products (PdtID, PdtName, PdtAvailability, PriceOfPdt, PdtLocation, PdtType, CategoryID, StoreID) values (6, 'Nexium', 'Y', 561.89, 'M6', 'Pharmacy', 7, 6);
insert into Spring23_S003_22_Products (PdtID, PdtName, PdtAvailability, PriceOfPdt, PdtLocation, PdtType, CategoryID, StoreID) values (7, 'Zyrtec', 'Y', 245.05, 'A4', 'Pharmacy', 7, 7);
insert into Spring23_S003_22_Products (PdtID, PdtName, PdtAvailability, PriceOfPdt, PdtLocation, PdtType, CategoryID, StoreID) values (8, 'Prozac ', 'Y', 740.77, 'Y1', 'Pharmacy', 7, 8);
insert into Spring23_S003_22_Products (PdtID, PdtName, PdtAvailability, PriceOfPdt, PdtLocation, PdtType, CategoryID, StoreID) values (9, 'Benadryl ', 'Y', 227.29, 'X6', 'Pharmacy', 7, 9);
insert into Spring23_S003_22_Products (PdtID, PdtName, PdtAvailability, PriceOfPdt, PdtLocation, PdtType, CategoryID, StoreID) values (10, 'Dyson V11 Absolute Cordless Vacuum Cleaner', 'Y', 725.61, 'N4', 'Home', 14, 10);
insert into Spring23_S003_22_Products (PdtID, PdtName, PdtAvailability, PriceOfPdt, PdtLocation, PdtType, CategoryID, StoreID) values (11, 'Philips Hue Smart Bulbs Starter Kit', 'Y', 439.40, 'U4', 'Home', 14, 11);
insert into Spring23_S003_22_Products (PdtID, PdtName, PdtAvailability, PriceOfPdt, PdtLocation, PdtType, CategoryID, StoreID) values (12, 'Nest Learning Thermostat', 'Y', 938.55, 'J8', 'Home', 14, 12);
insert into Spring23_S003_22_Products (PdtID, PdtName, PdtAvailability, PriceOfPdt, PdtLocation, PdtType, CategoryID, StoreID) values (13, 'Radiator hoses', 'N', 261.86, 'U4', 'Automotive', 12, 13);
insert into Spring23_S003_22_Products (PdtID, PdtName, PdtAvailability, PriceOfPdt, PdtLocation, PdtType, CategoryID, StoreID) values (14, 'Air filters', 'N', 849.35, 'C5', 'Automotive', 12, 14);
insert into Spring23_S003_22_Products (PdtID, PdtName, PdtAvailability, PriceOfPdt, PdtLocation, PdtType, CategoryID, StoreID) values (15, 'Windshield wipers', 'N', 227.92, 'Q2', 'Automotive', 12, 15);
insert into Spring23_S003_22_Products (PdtID, PdtName, PdtAvailability, PriceOfPdt, PdtLocation, PdtType, CategoryID, StoreID) values (16, 'Brake rotors', 'N', 305.95, 'L5', 'Automotive', 12, 16);
insert into Spring23_S003_22_Products (PdtID, PdtName, PdtAvailability, PriceOfPdt, PdtLocation, PdtType, CategoryID, StoreID) values (17, 'Transmission fluid', 'N', 785.76, 'Q3', 'Automotive', 12, 17);
insert into Spring23_S003_22_Products (PdtID, PdtName, PdtAvailability, PriceOfPdt, PdtLocation, PdtType, CategoryID, StoreID) values (18, 'Stanley STMT73795 Mixed Tool Set', 'N', 431.79, 'N1', 'Tools', 11, 18);
insert into Spring23_S003_22_Products (PdtID, PdtName, PdtAvailability, PriceOfPdt, PdtLocation, PdtType, CategoryID, StoreID) values (19, 'Milwaukee M18 Fuel Cordless Drill/Driver Kit', 'N', 343.85, 'C6', 'Tools', 11, 19);
insert into Spring23_S003_22_Products (PdtID, PdtName, PdtAvailability, PriceOfPdt, PdtLocation, PdtType, CategoryID, StoreID) values (20, 'Bosch GLM 50 C Laser Distance Measurer', 'Y', 788.40, 'G0', 'Tools', 11, 20);
insert into Spring23_S003_22_Products (PdtID, PdtName, PdtAvailability, PriceOfPdt, PdtLocation, PdtType, CategoryID, StoreID) values (21, 'Makita XBU02PT1 18V X2 (36V) Blower Kit', 'Y', 233.52, 'Q5', 'Tools', 11, 21);
insert into Spring23_S003_22_Products (PdtID, PdtName, PdtAvailability, PriceOfPdt, PdtLocation, PdtType, CategoryID, StoreID) values (22, 'Black+Decker LDX120C Cordless Drill', 'N', 642.01, 'S7', 'Tools', 11, 22);
insert into Spring23_S003_22_Products (PdtID, PdtName, PdtAvailability, PriceOfPdt, PdtLocation, PdtType, CategoryID, StoreID) values (23, 'Graphics Processing Unit (GPU)', 'N', 127.25, 'T7', 'Computers', 4, 23);
insert into Spring23_S003_22_Products (PdtID, PdtName, PdtAvailability, PriceOfPdt, PdtLocation, PdtType, CategoryID, StoreID) values (24, 'Bauer Vapor hockey skates', 'N', 271.64, 'Z5', 'Sports', 19, 24);
insert into Spring23_S003_22_Products (PdtID, PdtName, PdtAvailability, PriceOfPdt, PdtLocation, PdtType, CategoryID, StoreID) values (25, 'Callaway Epic Flash golf driver', 'Y', 640.11, 'E0', 'Sports', 19, 25);
insert into Spring23_S003_22_Products (PdtID, PdtName, PdtAvailability, PriceOfPdt, PdtLocation, PdtType, CategoryID, StoreID) values (26, 'Motherboard', 'Y', 151.38, 'Y7', 'Computers', 4, 26);
insert into Spring23_S003_22_Products (PdtID, PdtName, PdtAvailability, PriceOfPdt, PdtLocation, PdtType, CategoryID, StoreID) values (27, 'Cooling Fans/Heatsinks', 'Y', 439.86, 'C7', 'Computers', 4, 27);
insert into Spring23_S003_22_Products (PdtID, PdtName, PdtAvailability, PriceOfPdt, PdtLocation, PdtType, CategoryID, StoreID) values (28, 'Computer Case', 'Y', 396.60, 'B4', 'Computers', 4, 28);
insert into Spring23_S003_22_Products (PdtID, PdtName, PdtAvailability, PriceOfPdt, PdtLocation, PdtType, CategoryID, StoreID) values (29, 'Network Interface Card (NIC)', 'Y', 820.44, 'Y4', 'Computers', 4, 29);
insert into Spring23_S003_22_Products (PdtID, PdtName, PdtAvailability, PriceOfPdt, PdtLocation, PdtType, CategoryID, StoreID) values (30, 'Diapers', 'N', 260.82, 'C7', 'Baby Products', 20, 30);
insert into Spring23_S003_22_Products (PdtID, PdtName, PdtAvailability, PriceOfPdt, PdtLocation, PdtType, CategoryID, StoreID) values (31, 'Baby wipes', 'N', 521.26, 'V0', 'Baby Products', 20, 31);
insert into Spring23_S003_22_Products (PdtID, PdtName, PdtAvailability, PriceOfPdt, PdtLocation, PdtType, CategoryID, StoreID) values (32, 'Baby bottles', 'N', 328.46, 'U7', 'Baby Products', 20, 32);
insert into Spring23_S003_22_Products (PdtID, PdtName, PdtAvailability, PriceOfPdt, PdtLocation, PdtType, CategoryID, StoreID) values (33, 'Formula milk', 'N', 971.42, 'Q0', 'Baby Products', 20, 33);
insert into Spring23_S003_22_Products (PdtID, PdtName, PdtAvailability, PriceOfPdt, PdtLocation, PdtType, CategoryID, StoreID) values (34, 'Baby carriers', 'N', 605.19, 'X1', 'Baby Products', 20, 34);
insert into Spring23_S003_22_Products (PdtID, PdtName, PdtAvailability, PriceOfPdt, PdtLocation, PdtType, CategoryID, StoreID) values (35, 'Baby bathtub', 'Y', 121.76, 'E0', 'Baby Products', 20, 35);
insert into Spring23_S003_22_Products (PdtID, PdtName, PdtAvailability, PriceOfPdt, PdtLocation, PdtType, CategoryID, StoreID) values (36, 'Baby blankets', 'Y', 915.08, 'H8', 'Baby Products', 20, 36);
insert into Spring23_S003_22_Products (PdtID, PdtName, PdtAvailability, PriceOfPdt, PdtLocation, PdtType, CategoryID, StoreID) values (37, 'Sofas', 'N', 334.29, 'C0', 'Furniture', 16, 37);
insert into Spring23_S003_22_Products (PdtID, PdtName, PdtAvailability, PriceOfPdt, PdtLocation, PdtType, CategoryID, StoreID) values (38, 'Dining tables', 'Y', 966.46, 'D9', 'Furniture', 16, 38);
insert into Spring23_S003_22_Products (PdtID, PdtName, PdtAvailability, PriceOfPdt, PdtLocation, PdtType, CategoryID, StoreID) values (39, 'Chairs', 'Y', 965.26, 'T2', 'Furniture', 16, 39);
insert into Spring23_S003_22_Products (PdtID, PdtName, PdtAvailability, PriceOfPdt, PdtLocation, PdtType, CategoryID, StoreID) values (40, 'Coffee tables', 'N', 400.20, 'H5', 'Furniture', 16, 40);
insert into Spring23_S003_22_Products (PdtID, PdtName, PdtAvailability, PriceOfPdt, PdtLocation, PdtType, CategoryID, StoreID) values (41, 'TV stands', 'N', 627.90, 'X5', 'Furniture', 16, 41);
insert into Spring23_S003_22_Products (PdtID, PdtName, PdtAvailability, PriceOfPdt, PdtLocation, PdtType, CategoryID, StoreID) values (42, 'Recliners', 'Y', 166.74, 'K0', 'Furniture', 16, 42);
insert into Spring23_S003_22_Products (PdtID, PdtName, PdtAvailability, PriceOfPdt, PdtLocation, PdtType, CategoryID, StoreID) values (43, 'Skittles Original Fruit Candy', 'Y', 565.85, 'Q3', 'Candies', 6, 43);
insert into Spring23_S003_22_Products (PdtID, PdtName, PdtAvailability, PriceOfPdt, PdtLocation, PdtType, CategoryID, StoreID) values (44, 'Reese s Peanut Butter Cups', 'N', 220.65, 'H6', 'Candies', 6, 44);
insert into Spring23_S003_22_Products (PdtID, PdtName, PdtAvailability, PriceOfPdt, PdtLocation, PdtType, CategoryID, StoreID) values (45, 'M&M s Milk Chocolate Candies', 'N', 976.63, 'T4', 'Candies', 6, 45);
insert into Spring23_S003_22_Products (PdtID, PdtName, PdtAvailability, PriceOfPdt, PdtLocation, PdtType, CategoryID, StoreID) values (46, 'Hershey s Kisses Milk Chocolate', 'N', 472.02, 'A1', 'Candies', 6, 46);
insert into Spring23_S003_22_Products (PdtID, PdtName, PdtAvailability, PriceOfPdt, PdtLocation, PdtType, CategoryID, StoreID) values (47, 'Nike Air Force 1 sneakers', 'Y', 459.12, 'L6', 'Shoes', 2, 47);
insert into Spring23_S003_22_Products (PdtID, PdtName, PdtAvailability, PriceOfPdt, PdtLocation, PdtType, CategoryID, StoreID) values (48, 'Adidas Ultraboost running shoes', 'N', 268.94, 'Q9', 'Shoes', 2, 48);
insert into Spring23_S003_22_Products (PdtID, PdtName, PdtAvailability, PriceOfPdt, PdtLocation, PdtType, CategoryID, StoreID) values (49, 'Converse Chuck Taylor All Star high-top sneakers', 'Y', 764.08, 'B1', 'Shoes', 2, 49);
insert into Spring23_S003_22_Products (PdtID, PdtName, PdtAvailability, PriceOfPdt, PdtLocation, PdtType, CategoryID, StoreID) values (50, 'Vans Old Skool skate shoes', 'Y', 773.64, 'Q8', 'Shoes', 2, 50);
insert into Spring23_S003_22_Products (PdtID, PdtName, PdtAvailability, PriceOfPdt, PdtLocation, PdtType, CategoryID, StoreID) values (51, 'Stock - Beef, Brown', 'Y', 851.46, 'Y9', 'Food', 8, 51);
insert into Spring23_S003_22_Products (PdtID, PdtName, PdtAvailability, PriceOfPdt, PdtLocation, PdtType, CategoryID, StoreID) values (52, 'Puree - Passion Fruit', 'Y', 859.83, 'C6', 'Food', 8, 52);
insert into Spring23_S003_22_Products (PdtID, PdtName, PdtAvailability, PriceOfPdt, PdtLocation, PdtType, CategoryID, StoreID) values (53, 'Lemon Balm - Fresh', 'Y', 498.50, 'A4', 'Food', 8, 53);
insert into Spring23_S003_22_Products (PdtID, PdtName, PdtAvailability, PriceOfPdt, PdtLocation, PdtType, CategoryID, StoreID) values (54, 'Wine - Taylors Reserve', 'N', 326.64, 'D3', 'Food', 8, 54);
insert into Spring23_S003_22_Products (PdtID, PdtName, PdtAvailability, PriceOfPdt, PdtLocation, PdtType, CategoryID, StoreID) values (55, 'Chocolate - Mi - Amere Semi', 'N', 690.17, 'K8', 'Food', 8, 55);
insert into Spring23_S003_22_Products (PdtID, PdtName, PdtAvailability, PriceOfPdt, PdtLocation, PdtType, CategoryID, StoreID) values (56, 'Edible Flower - Mixed', 'N',825.23, 'N4', 'Food', 8, 56);
insert into Spring23_S003_22_Products (PdtID, PdtName, PdtAvailability, PriceOfPdt, PdtLocation, PdtType, CategoryID, StoreID) values (57, 'Phyllo Dough', 'Y', 729.36, 'M0', 'Food', 8, 57);
insert into Spring23_S003_22_Products (PdtID, PdtName, PdtAvailability, PriceOfPdt, PdtLocation, PdtType, CategoryID, StoreID) values (58, 'Gooseberry', 'N', 972.74, 'W1', 'Food', 8, 58);
insert into Spring23_S003_22_Products (PdtID, PdtName, PdtAvailability, PriceOfPdt, PdtLocation, PdtType, CategoryID, StoreID) values (59, 'True - Vue Containers', 'Y', 121.41, 'A6', 'Food', 8, 59);
insert into Spring23_S003_22_Products (PdtID, PdtName, PdtAvailability, PriceOfPdt, PdtLocation, PdtType, CategoryID, StoreID) values (60, 'Smart TVs', 'Y', 587.36, 'A6', 'Electronics', 17, 60);
insert into Spring23_S003_22_Products (PdtID, PdtName, PdtAvailability, PriceOfPdt, PdtLocation, PdtType, CategoryID, StoreID) values (61, 'Bluetooth speakers', 'Y', 766.08, 'C8', 'Electronics', 17, 1);
insert into Spring23_S003_22_Products (PdtID, PdtName, PdtAvailability, PriceOfPdt, PdtLocation, PdtType, CategoryID, StoreID) values (62, 'Gaming consoles', 'N', 785.70, 'B8', 'Electronics', 17, 2);
insert into Spring23_S003_22_Products (PdtID, PdtName, PdtAvailability, PriceOfPdt, PdtLocation, PdtType, CategoryID, StoreID) values (63, 'Digital cameras', 'N', 205.77, 'Z5', 'Electronics', 17, 3);
insert into Spring23_S003_22_Products (PdtID, PdtName, PdtAvailability, PriceOfPdt, PdtLocation, PdtType, CategoryID, StoreID) values (64, 'Home security cameras', 'N', 637.05, 'T2', 'Electronics', 17, 4);
insert into Spring23_S003_22_Products (PdtID, PdtName, PdtAvailability, PriceOfPdt, PdtLocation, PdtType, CategoryID, StoreID) values (65, 'Smart home devices', 'Y', 384.18, 'L3', 'Electronics', 17, 5);
insert into Spring23_S003_22_Products (PdtID, PdtName, PdtAvailability, PriceOfPdt, PdtLocation, PdtType, CategoryID, StoreID) values (66, 'Fitness trackers', 'Y', 957.47, 'I7', 'Electronics', 17, 6);
insert into Spring23_S003_22_Products (PdtID, PdtName, PdtAvailability, PriceOfPdt, PdtLocation, PdtType, CategoryID, StoreID) values (67, 'Smartwatches', 'Y', 351.55, 'W0', 'Electronics', 17, 7);
insert into Spring23_S003_22_Products (PdtID, PdtName, PdtAvailability, PriceOfPdt, PdtLocation, PdtType, CategoryID, StoreID) values (68, 'Printers', 'N', 304.68, 'T4', 'Electronics', 17, 8);
insert into Spring23_S003_22_Products (PdtID, PdtName, PdtAvailability, PriceOfPdt, PdtLocation, PdtType, CategoryID, StoreID) values (69, 'Portable chargers', 'Y', 754.90, 'P7', 'Electronics', 17, 9);
insert into Spring23_S003_22_Products (PdtID, PdtName, PdtAvailability, PriceOfPdt, PdtLocation, PdtType, CategoryID, StoreID) values (70, 'Wine - Valpolicella Masi', 'Y', 967.05, 'I1', 'Food', 8, 10);
insert into Spring23_S003_22_Products (PdtID, PdtName, PdtAvailability, PriceOfPdt, PdtLocation, PdtType, CategoryID, StoreID) values (71, 'Brandy Apricot', 'Y', 966.02, 'O3', 'Food', 8, 11);
insert into Spring23_S003_22_Products (PdtID, PdtName, PdtAvailability, PriceOfPdt, PdtLocation, PdtType, CategoryID, StoreID) values (72, 'Hersey Shakes', 'Y', 545.68, 'K0', 'Food', 8, 12);
insert into Spring23_S003_22_Products (PdtID, PdtName, PdtAvailability, PriceOfPdt, PdtLocation, PdtType, CategoryID, StoreID) values (73, 'Tea - Mint', 'Y', 602.46, 'N2', 'Food', 8, 13);
insert into Spring23_S003_22_Products (PdtID, PdtName, PdtAvailability, PriceOfPdt, PdtLocation, PdtType, CategoryID, StoreID) values (74, 'Pork - Back Ribs', 'Y', 668.26, 'G4', 'Food', 8, 14);
insert into Spring23_S003_22_Products (PdtID, PdtName, PdtAvailability, PriceOfPdt, PdtLocation, PdtType, CategoryID, StoreID) values (75, 'Sour Puss Sour Apple', 'Y', 811.81, 'E3', 'Food', 8, 15);
insert into Spring23_S003_22_Products (PdtID, PdtName, PdtAvailability, PriceOfPdt, PdtLocation, PdtType, CategoryID, StoreID) values (76, 'Cognac - Courvaisier', 'N', 410.47, 'R8', 'Food', 8, 16);
insert into Spring23_S003_22_Products (PdtID, PdtName, PdtAvailability, PriceOfPdt, PdtLocation, PdtType, CategoryID, StoreID) values (77, 'Pasta - Rotini, Dry', 'N', 363.89, 'W4', 'Food', 8, 17);
insert into Spring23_S003_22_Products (PdtID, PdtName, PdtAvailability, PriceOfPdt, PdtLocation, PdtType, CategoryID, StoreID) values (78, 'Maybelline Superstay Matte Ink Lipstick', 'N', 753.31, 'T9', 'Beauty', 3, 18);
insert into Spring23_S003_22_Products (PdtID, PdtName, PdtAvailability, PriceOfPdt, PdtLocation, PdtType, CategoryID, StoreID) values (79, 'Cetaphil Gentle Skin Cleanser', 'Y', 163.37, 'H2', 'Beauty', 3, 19);
insert into Spring23_S003_22_Products (PdtID, PdtName, PdtAvailability, PriceOfPdt, PdtLocation, PdtType, CategoryID, StoreID) values (80, 'L Oreal Paris Revitalift Derm Intensives Vitamin C Serum', 'Y', 987.83, 'J8', 'Beauty', 3, 20);
insert into Spring23_S003_22_Products (PdtID, PdtName, PdtAvailability, PriceOfPdt, PdtLocation, PdtType, CategoryID, StoreID) values (81, 'The Ordinary Hyaluronic Acid 2% + B5', 'Y', 725.26, 'M4', 'Beauty', 3, 21);
insert into Spring23_S003_22_Products (PdtID, PdtName, PdtAvailability, PriceOfPdt, PdtLocation, PdtType, CategoryID, StoreID) values (82, 'Nivea Nourishing Body Wash', 'Y', 689.88, 'C2', 'Beauty', 3, 22);
insert into Spring23_S003_22_Products (PdtID, PdtName, PdtAvailability, PriceOfPdt, PdtLocation, PdtType, CategoryID, StoreID) values (83, 'Centrum Multivitamin/Multimineral Supplement','Y',786.98 ,'P0', 'Helath', 5, 23);
insert into Spring23_S003_22_Products (PdtID, PdtName, PdtAvailability, PriceOfPdt, PdtLocation, PdtType, CategoryID, StoreID) values (84, 'Listerine Antiseptic Mouthwash', 'Y', 110.51, 'V0', 'Health', 5, 24);
insert into Spring23_S003_22_Products (PdtID, PdtName, PdtAvailability, PriceOfPdt, PdtLocation, PdtType, CategoryID, StoreID) values (85, 'Preparation H Hemorrhoidal Ointment', 'N', 851.03, 'T0', 'helath', 5, 25);
insert into Spring23_S003_22_Products (PdtID, PdtName, PdtAvailability, PriceOfPdt, PdtLocation, PdtType, CategoryID, StoreID) values (86, 'Kiehl s Ultra Facial Cream','Y',168.81 ,'C9', 'Beauty', 3, 26);
insert into Spring23_S003_22_Products (PdtID, PdtName, PdtAvailability, PriceOfPdt, PdtLocation, PdtType, CategoryID, StoreID) values (87, 'Neutrogena Hydro Boost Water Gel', 'Y', 138.26, 'K3', 'Beauty', 3, 27);
insert into Spring23_S003_22_Products (PdtID, PdtName, PdtAvailability, PriceOfPdt, PdtLocation, PdtType, CategoryID, StoreID) values (88, 'The Catcher in the Rye by J.D. Salinger', 'Y', 527.38, 'C9', 'Books', 9, 28);
insert into Spring23_S003_22_Products (PdtID, PdtName, PdtAvailability, PriceOfPdt, PdtLocation, PdtType, CategoryID, StoreID) values (89, 'Puree - Kiwi', 'Y', 971.08, 'T2', 'Food', 8, 29);
insert into Spring23_S003_22_Products (PdtID, PdtName, PdtAvailability, PriceOfPdt, PdtLocation, PdtType, CategoryID, StoreID) values (90, 'Capers - Ox Eye Daisy', 'Y', 767.42, 'U1', 'Food', 8, 30);
insert into Spring23_S003_22_Products (PdtID, PdtName, PdtAvailability, PriceOfPdt, PdtLocation, PdtType, CategoryID, StoreID) values (91, 'Cheese - Brie Roitelet', 'Y', 789.08, 'G7', 'Food', 8, 31);
insert into Spring23_S003_22_Products (PdtID, PdtName, PdtAvailability, PriceOfPdt, PdtLocation, PdtType, CategoryID, StoreID) values (92, 'Under Armour HeatGear compression shirt', 'N', 769.04, 'S3', 'Sports', 19, 32);
insert into Spring23_S003_22_Products (PdtID, PdtName, PdtAvailability, PriceOfPdt, PdtLocation, PdtType, CategoryID, StoreID) values (93, 'Bauer Vapor hockey skates', 'N', 867.76, 'G7', 'Sports', 19, 33);
insert into Spring23_S003_22_Products (PdtID, PdtName, PdtAvailability, PriceOfPdt, PdtLocation, PdtType, CategoryID, StoreID) values (94, 'Rawlings Heart of the Hide baseball glove', 'N', 970.22, 'O1', 'Sports', 19, 34);
insert into Spring23_S003_22_Products (PdtID, PdtName, PdtAvailability, PriceOfPdt, PdtLocation, PdtType, CategoryID, StoreID) values (95, 'Speedo Fastskin swimsuit', 'Y', 928.00, 'X3', 'Sports', 19, 35);
insert into Spring23_S003_22_Products (PdtID, PdtName, PdtAvailability, PriceOfPdt, PdtLocation, PdtType, CategoryID, StoreID) values (96, 'Levi s 501 Original Fit Jeans', 'Y', 567.06, 'J9', 'Clothing', 1, 36);
insert into Spring23_S003_22_Products (PdtID, PdtName, PdtAvailability, PriceOfPdt, PdtLocation, PdtType, CategoryID, StoreID) values (97, 'Ralph Lauren Classic Fit Polo Shirt', 'N', 794.29, 'Q8', 'Clothing', 1, 37);
insert into Spring23_S003_22_Products (PdtID, PdtName, PdtAvailability, PriceOfPdt, PdtLocation, PdtType, CategoryID, StoreID) values (98, 'Tommy Hilfiger Classic Crew Neck T-shirt', 'N', 413.25, 'L1', 'Clothing', 1, 38);
insert into Spring23_S003_22_Products (PdtID, PdtName, PdtAvailability, PriceOfPdt, PdtLocation, PdtType, CategoryID, StoreID) values (99, 'Zara Trafaluc Short Dress', 'Y', 946.86, 'K2', 'Clothing', 1, 39);
insert into Spring23_S003_22_Products (PdtID, PdtName, PdtAvailability, PriceOfPdt, PdtLocation, PdtType, CategoryID, StoreID) values (100, 'Calvin Klein Men s Cotton Boxer Briefs', 'Y', 160.19, 'L6', 'Clothing', 1, 40);
insert into Spring23_S003_22_Products (PdtID, PdtName, PdtAvailability, PriceOfPdt, PdtLocation, PdtType, CategoryID, StoreID) values (101, 'Gucci GG Jacquard Wool and Silk Scarf', 'N', 269.70, 'X1', 'Clothing', 1, 41);
insert into Spring23_S003_22_Products (PdtID, PdtName, PdtAvailability, PriceOfPdt, PdtLocation, PdtType, CategoryID, StoreID) values (102, 'Reebok Lux Bold Leggings', 'N', 922.09, 'D1', 'Clothing', 1, 42);
insert into Spring23_S003_22_Products (PdtID, PdtName, PdtAvailability, PriceOfPdt, PdtLocation, PdtType, CategoryID, StoreID) values (103, 'Calvin Klein Women s Modal Sleep Set', 'Y', 791.42, 'L5', 'Clothing', 1, 43);
insert into Spring23_S003_22_Products (PdtID, PdtName, PdtAvailability, PriceOfPdt, PdtLocation, PdtType, CategoryID, StoreID) values (104, 'Fender Stratocaster Electric Guitar', 'Y', 692.47, 'N4', 'Music', 13, 44);
insert into Spring23_S003_22_Products (PdtID, PdtName, PdtAvailability, PriceOfPdt, PdtLocation, PdtType, CategoryID, StoreID) values (105, 'Roland TD-17KV Electronic Drum Kit', 'Y', 988.63, 'D9', 'Music', 13, 45);
insert into Spring23_S003_22_Products (PdtID, PdtName, PdtAvailability, PriceOfPdt, PdtLocation, PdtType, CategoryID, StoreID) values (106, 'Shure SM58 Dynamic Vocal Microphone', 'Y', 131.12, 'H8', 'Music', 13, 46);
insert into Spring23_S003_22_Products (PdtID, PdtName, PdtAvailability, PriceOfPdt, PdtLocation, PdtType, CategoryID, StoreID) values (107, 'Sennheiser HD 650 Open Back Headphones', 'Y', 791.23, 'Y3', 'Music', 13, 47);
insert into Spring23_S003_22_Products (PdtID, PdtName, PdtAvailability, PriceOfPdt, PdtLocation, PdtType, CategoryID, StoreID) values (108, 'Apogee Element 88 Thunderbolt Audio Interface', 'N', 858.34, 'B2', 'Music', 13, 48);
insert into Spring23_S003_22_Products (PdtID, PdtName, PdtAvailability, PriceOfPdt, PdtLocation, PdtType, CategoryID, StoreID) values (109, 'LEGO Classic Large Creative Brick Box', 'Y', 908.50, 'S6', 'Toys', 10, 49);
insert into Spring23_S003_22_Products (PdtID, PdtName, PdtAvailability, PriceOfPdt, PdtLocation, PdtType, CategoryID, StoreID) values (110, 'Nerf N-Strike Elite Disruptor Blaster', 'Y', 663.26, 'L1', 'Toys', 10, 50);
insert into Spring23_S003_22_Products (PdtID, PdtName, PdtAvailability, PriceOfPdt, PdtLocation, PdtType, CategoryID, StoreID) values (111, 'Hot Wheels 20 Car Gift Pack', 'N', 940.69, 'X3', 'Toys', 10, 51);
insert into Spring23_S003_22_Products (PdtID, PdtName, PdtAvailability, PriceOfPdt, PdtLocation, PdtType, CategoryID, StoreID) values (112, 'Winsor & Newton Professional Watercolor Paints', 'Y', 543.70, 'M1', 'Art', 15, 52);
insert into Spring23_S003_22_Products (PdtID, PdtName, PdtAvailability, PriceOfPdt, PdtLocation, PdtType, CategoryID, StoreID) values (113, 'Prismacolor Premier Soft Core Colored Pencils', 'Y', 618.73, 'N9', 'Art', 15, 53);
insert into Spring23_S003_22_Products (PdtID, PdtName, PdtAvailability, PriceOfPdt, PdtLocation, PdtType, CategoryID, StoreID) values (114, 'Copic Sketch Markers', 'Y', 649.07, 'M7', 'Art', 15, 54);
insert into Spring23_S003_22_Products (PdtID, PdtName, PdtAvailability, PriceOfPdt, PdtLocation, PdtType, CategoryID, StoreID) values (115, 'Sakura Pigma Micron Pens', 'N', 943.94, 'G8', 'Art', 15, 55);
insert into Spring23_S003_22_Products (PdtID, PdtName, PdtAvailability, PriceOfPdt, PdtLocation, PdtType, CategoryID, StoreID) values (116, 'Lay s Classic Potato Chips', 'Y', 483.88, 'M2', 'Snacks', 18, 56);
insert into Spring23_S003_22_Products (PdtID, PdtName, PdtAvailability, PriceOfPdt, PdtLocation, PdtType, CategoryID, StoreID) values (117, 'Pringles Original Potato Crisps', 'Y', 665.96, 'S1', 'Snacks', 18, 57);
insert into Spring23_S003_22_Products (PdtID, PdtName, PdtAvailability, PriceOfPdt, PdtLocation, PdtType, CategoryID, StoreID) values (118, 'Ritz Crackers', 'Y', 230.65, 'S1', 'Snacks', 18, 58);
insert into Spring23_S003_22_Products (PdtID, PdtName, PdtAvailability, PriceOfPdt, PdtLocation, PdtType, CategoryID, StoreID) values (119, 'To Kill a Mockingbird by Harper Lee', 'Y', 663.74, 'A8', 'Books', 9, 59);
insert into Spring23_S003_22_Products (PdtID, PdtName, PdtAvailability, PriceOfPdt, PdtLocation, PdtType, CategoryID, StoreID) values (120, '1984 by George Orwell', 'Y', 592.73, 'V8', 'Books', 9,60);



-------------------------------------------Inserting Values into Spring23_S003_22_BillingMachine Relation--------------------------



insert into Spring23_S003_22_BillingMachine (MachineID, StoreID, EmpID, MDate, MTime, totalCost, NoOfPurchasesPerDay) values (1, 6, 209, TO_DATE('1/13/2023','MM/DD/YYYY'), '6:38 PM', 507.88, 56);
insert into Spring23_S003_22_BillingMachine (MachineID, StoreID, EmpID, MDate, MTime, totalCost, NoOfPurchasesPerDay) values (2, 44, 61, TO_DATE('3/1/2023','MM/DD/YYYY'), '4:39 AM', 30.03, 36);
insert into Spring23_S003_22_BillingMachine (MachineID, StoreID, EmpID, MDate, MTime, totalCost, NoOfPurchasesPerDay) values (3, 19, 144, TO_DATE('1/25/2023','MM/DD/YYYY'), '2:07 AM', 570.12, 94);
insert into Spring23_S003_22_BillingMachine (MachineID, StoreID, EmpID, MDate, MTime, totalCost, NoOfPurchasesPerDay) values (4, 40, 90, TO_DATE('3/24/2023','MM/DD/YYYY'), '7:14 AM', 748.64, 29);
insert into Spring23_S003_22_BillingMachine (MachineID, StoreID, EmpID, MDate, MTime, totalCost, NoOfPurchasesPerDay) values (5, 18, 134, TO_DATE('1/3/2023','MM/DD/YYYY'), '4:12 PM', 757.62, 68);
insert into Spring23_S003_22_BillingMachine (MachineID, StoreID, EmpID, MDate, MTime, totalCost, NoOfPurchasesPerDay) values (6, 56, 291, TO_DATE('1/17/2023','MM/DD/YYYY'), '6:26 PM', 189.20, 6);
insert into Spring23_S003_22_BillingMachine (MachineID, StoreID, EmpID, MDate, MTime, totalCost, NoOfPurchasesPerDay) values (7, 44, 141, TO_DATE('1/12/2023','MM/DD/YYYY'), '5:51 AM', 432.56, 54);
insert into Spring23_S003_22_BillingMachine (MachineID, StoreID, EmpID, MDate, MTime, totalCost, NoOfPurchasesPerDay) values (8, 57, 70, TO_DATE('3/29/2023','MM/DD/YYYY'), '4:33 PM', 130.91, 42);
insert into Spring23_S003_22_BillingMachine (MachineID, StoreID, EmpID, MDate, MTime, totalCost, NoOfPurchasesPerDay) values (9, 54, 112, TO_DATE('2/19/2023','MM/DD/YYYY'), '10:17 PM', 976.87, 44);
insert into Spring23_S003_22_BillingMachine (MachineID, StoreID, EmpID, MDate, MTime, totalCost, NoOfPurchasesPerDay) values (10, 36, 287, TO_DATE('3/2/2023','MM/DD/YYYY'), '12:06 AM', 219.87, 55);
insert into Spring23_S003_22_BillingMachine (MachineID, StoreID, EmpID, MDate, MTime, totalCost, NoOfPurchasesPerDay) values (11, 12, 98, TO_DATE('1/1/2023','MM/DD/YYYY'), '7:22 PM', 216.51, 57);
insert into Spring23_S003_22_BillingMachine (MachineID, StoreID, EmpID, MDate, MTime, totalCost, NoOfPurchasesPerDay) values (12, 32, 178,TO_DATE( '3/12/2023','MM/DD/YYYY'), '7:20 PM', 226.30, 77);
insert into Spring23_S003_22_BillingMachine (MachineID, StoreID, EmpID, MDate, MTime, totalCost, NoOfPurchasesPerDay) values (13, 28, 227, TO_DATE('1/29/2023','MM/DD/YYYY'), '1:09 PM', 650.17, 5);
insert into Spring23_S003_22_BillingMachine (MachineID, StoreID, EmpID, MDate, MTime, totalCost, NoOfPurchasesPerDay) values (14, 2, 8, TO_DATE('2/4/2023','MM/DD/YYYY'), '3:24 PM', 33.33, 24);
insert into Spring23_S003_22_BillingMachine (MachineID, StoreID, EmpID, MDate, MTime, totalCost, NoOfPurchasesPerDay) values (15, 30, 115, TO_DATE('2/5/2023','MM/DD/YYYY'), '2:50 PM', 717.67, 19);
insert into Spring23_S003_22_BillingMachine (MachineID, StoreID, EmpID, MDate, MTime, totalCost, NoOfPurchasesPerDay) values (16, 41, 4, TO_DATE('1/26/2023','MM/DD/YYYY'), '4:36 PM', 418.66, 29);
insert into Spring23_S003_22_BillingMachine (MachineID, StoreID, EmpID, MDate, MTime, totalCost, NoOfPurchasesPerDay) values (17, 41, 47, TO_DATE('1/10/2023','MM/DD/YYYY'), '7:41 PM', 955.48, 29);
insert into Spring23_S003_22_BillingMachine (MachineID, StoreID, EmpID, MDate, MTime, totalCost, NoOfPurchasesPerDay) values (18, 40, 256, TO_DATE('3/19/2023','MM/DD/YYYY'), '1:37 PM', 657.08, 65);
insert into Spring23_S003_22_BillingMachine (MachineID, StoreID, EmpID, MDate, MTime, totalCost, NoOfPurchasesPerDay) values (19, 47, 48, TO_DATE('2/7/2023','MM/DD/YYYY'), '2:09 AM', 471.29, 25);
insert into Spring23_S003_22_BillingMachine (MachineID, StoreID, EmpID, MDate, MTime, totalCost, NoOfPurchasesPerDay) values (20, 49, 65, TO_DATE('1/26/2023','MM/DD/YYYY'), '4:27 PM', 614.19, 14);
insert into Spring23_S003_22_BillingMachine (MachineID, StoreID, EmpID, MDate, MTime, totalCost, NoOfPurchasesPerDay) values (21, 58, 297, TO_DATE('1/12/2023','MM/DD/YYYY'), '12:22 PM', 595.15, 97);
insert into Spring23_S003_22_BillingMachine (MachineID, StoreID, EmpID, MDate, MTime, totalCost, NoOfPurchasesPerDay) values (22, 26, 73, TO_DATE('1/20/2023','MM/DD/YYYY'), '4:44 AM', 272.52, 42);
insert into Spring23_S003_22_BillingMachine (MachineID, StoreID, EmpID, MDate, MTime, totalCost, NoOfPurchasesPerDay) values (23, 22, 133, TO_DATE('2/4/2023','MM/DD/YYYY'), '4:20 PM', 314.90, 85);
insert into Spring23_S003_22_BillingMachine (MachineID, StoreID, EmpID, MDate, MTime, totalCost, NoOfPurchasesPerDay) values (24, 9, 134, TO_DATE('1/1/2023','MM/DD/YYYY'), '4:40 AM', 433.40, 66);
insert into Spring23_S003_22_BillingMachine (MachineID, StoreID, EmpID, MDate, MTime, totalCost, NoOfPurchasesPerDay) values (25, 35, 157, TO_DATE('2/16/2023','MM/DD/YYYY'), '11:12 PM', 431.28, 94);
insert into Spring23_S003_22_BillingMachine (MachineID, StoreID, EmpID, MDate, MTime, totalCost, NoOfPurchasesPerDay) values (26, 47, 98,TO_DATE('2/12/2023','MM/DD/YYYY'), '7:57 PM', 326.87, 12);
insert into Spring23_S003_22_BillingMachine (MachineID, StoreID, EmpID, MDate, MTime, totalCost, NoOfPurchasesPerDay) values (27, 56, 11, TO_DATE('3/27/2023','MM/DD/YYYY'), '4:39 AM', 20.86, 65);
insert into Spring23_S003_22_BillingMachine (MachineID, StoreID, EmpID, MDate, MTime, totalCost, NoOfPurchasesPerDay) values (28, 55, 26, TO_DATE('3/9/2023','MM/DD/YYYY'), '8:56 AM', 540.37, 32);
insert into Spring23_S003_22_BillingMachine (MachineID, StoreID, EmpID, MDate, MTime, totalCost, NoOfPurchasesPerDay) values (29, 28, 138, TO_DATE('1/30/2023','MM/DD/YYYY'), '7:09 AM', 26.31, 93);
insert into Spring23_S003_22_BillingMachine (MachineID, StoreID, EmpID, MDate, MTime, totalCost, NoOfPurchasesPerDay) values (30, 13, 175, TO_DATE('1/10/2023','MM/DD/YYYY'), '4:06 AM', 200.49, 50);
insert into Spring23_S003_22_BillingMachine (MachineID, StoreID, EmpID, MDate, MTime, totalCost, NoOfPurchasesPerDay) values (31, 15, 69, TO_DATE('2/27/2023','MM/DD/YYYY'), '4:50 AM', 855.51, 73);
insert into Spring23_S003_22_BillingMachine (MachineID, StoreID, EmpID, MDate, MTime, totalCost, NoOfPurchasesPerDay) values (32, 33, 298, TO_DATE('1/2/2023','MM/DD/YYYY'), '12:16 PM', 745.56, 7);
insert into Spring23_S003_22_BillingMachine (MachineID, StoreID, EmpID, MDate, MTime, totalCost, NoOfPurchasesPerDay) values (33, 46, 287, TO_DATE('3/20/2023','MM/DD/YYYY'), '9:47 AM', 787.86, 41);
insert into Spring23_S003_22_BillingMachine (MachineID, StoreID, EmpID, MDate, MTime, totalCost, NoOfPurchasesPerDay) values (34, 34, 66, TO_DATE('2/10/2023','MM/DD/YYYY'), '6:01 PM', 530.27, 55);
insert into Spring23_S003_22_BillingMachine (MachineID, StoreID, EmpID, MDate, MTime, totalCost, NoOfPurchasesPerDay) values (35, 55, 80, TO_DATE('1/12/2023','MM/DD/YYYY'), '6:48 AM', 47.03, 35);
insert into Spring23_S003_22_BillingMachine (MachineID, StoreID, EmpID, MDate, MTime, totalCost, NoOfPurchasesPerDay) values (36, 60, 152, TO_DATE('3/5/2023','MM/DD/YYYY'), '2:21 PM', 845.05, 55);
insert into Spring23_S003_22_BillingMachine (MachineID, StoreID, EmpID, MDate, MTime, totalCost, NoOfPurchasesPerDay) values (37, 27, 274, TO_DATE('2/13/2023','MM/DD/YYYY'), '12:02 PM', 752.76, 16);
insert into Spring23_S003_22_BillingMachine (MachineID, StoreID, EmpID, MDate, MTime, totalCost, NoOfPurchasesPerDay) values (38, 59, 70, TO_DATE('2/13/2023','MM/DD/YYYY'), '12:27 PM', 414.60, 18);
insert into Spring23_S003_22_BillingMachine (MachineID, StoreID, EmpID, MDate, MTime, totalCost, NoOfPurchasesPerDay) values (39, 60, 187, TO_DATE('1/14/2023','MM/DD/YYYY'), '11:46 PM', 965.78, 63);
insert into Spring23_S003_22_BillingMachine (MachineID, StoreID, EmpID, MDate, MTime, totalCost, NoOfPurchasesPerDay) values (40, 14, 275, TO_DATE('1/22/2023','MM/DD/YYYY'), '11:00 PM', 122.05, 44);
insert into Spring23_S003_22_BillingMachine (MachineID, StoreID, EmpID, MDate, MTime, totalCost, NoOfPurchasesPerDay) values (41, 4, 113, TO_DATE('2/19/2023','MM/DD/YYYY'), '3:07 PM', 479.61, 27);
insert into Spring23_S003_22_BillingMachine (MachineID, StoreID, EmpID, MDate, MTime, totalCost, NoOfPurchasesPerDay) values (42, 21, 208, TO_DATE('3/11/2023','MM/DD/YYYY'), '3:30 PM', 472.44, 56);
insert into Spring23_S003_22_BillingMachine (MachineID, StoreID, EmpID, MDate, MTime, totalCost, NoOfPurchasesPerDay) values (43, 52, 121, TO_DATE('1/7/2023','MM/DD/YYYY'), '7:53 AM', 808.95, 12);
insert into Spring23_S003_22_BillingMachine (MachineID, StoreID, EmpID, MDate, MTime, totalCost, NoOfPurchasesPerDay) values (44, 36, 84, TO_DATE('1/4/2023','MM/DD/YYYY'), '12:27 AM', 378.15, 74);
insert into Spring23_S003_22_BillingMachine (MachineID, StoreID, EmpID, MDate, MTime, totalCost, NoOfPurchasesPerDay) values (45, 58, 177, TO_DATE('2/15/2023','MM/DD/YYYY'), '2:35 AM', 293.79, 77);
insert into Spring23_S003_22_BillingMachine (MachineID, StoreID, EmpID, MDate, MTime, totalCost, NoOfPurchasesPerDay) values (46, 33, 172, TO_DATE('3/13/2023','MM/DD/YYYY'), '2:20 PM', 532.04, 44);
insert into Spring23_S003_22_BillingMachine (MachineID, StoreID, EmpID, MDate, MTime, totalCost, NoOfPurchasesPerDay) values (47, 34, 37, TO_DATE('3/1/2023','MM/DD/YYYY'), '6:56 PM', 444.65, 11);
insert into Spring23_S003_22_BillingMachine (MachineID, StoreID, EmpID, MDate, MTime, totalCost, NoOfPurchasesPerDay) values (48, 47, 27, TO_DATE('2/25/2023','MM/DD/YYYY'), '11:41 PM', 884.59, 43);
insert into Spring23_S003_22_BillingMachine (MachineID, StoreID, EmpID, MDate, MTime, totalCost, NoOfPurchasesPerDay) values (49, 19, 152, TO_DATE('3/1/2023','MM/DD/YYYY'), '7:49 AM', 889.07, 98);
insert into Spring23_S003_22_BillingMachine (MachineID, StoreID, EmpID, MDate, MTime, totalCost, NoOfPurchasesPerDay) values (50, 25, 32, TO_DATE('2/13/2023','MM/DD/YYYY'), '6:46 PM', 274.69, 79);
insert into Spring23_S003_22_BillingMachine (MachineID, StoreID, EmpID, MDate, MTime, totalCost, NoOfPurchasesPerDay) values (51, 19, 116, TO_DATE('2/18/2023','MM/DD/YYYY'), '11:57 AM', 31.43, 52);
insert into Spring23_S003_22_BillingMachine (MachineID, StoreID, EmpID, MDate, MTime, totalCost, NoOfPurchasesPerDay) values (52, 50, 249, TO_DATE('2/6/2023','MM/DD/YYYY'), '5:12 AM', 720.78, 82);
insert into Spring23_S003_22_BillingMachine (MachineID, StoreID, EmpID, MDate, MTime, totalCost, NoOfPurchasesPerDay) values (53, 1, 184, TO_DATE('2/18/2023','MM/DD/YYYY'), '10:51 PM', 139.16, 2);
insert into Spring23_S003_22_BillingMachine (MachineID, StoreID, EmpID, MDate, MTime, totalCost, NoOfPurchasesPerDay) values (54, 54, 119, TO_DATE('1/21/2023','MM/DD/YYYY'), '8:55 PM', 768.62, 94);
insert into Spring23_S003_22_BillingMachine (MachineID, StoreID, EmpID, MDate, MTime, totalCost, NoOfPurchasesPerDay) values (55, 24, 245, TO_DATE('1/16/2023','MM/DD/YYYY'), '10:00 AM', 183.63, 6);
insert into Spring23_S003_22_BillingMachine (MachineID, StoreID, EmpID, MDate, MTime, totalCost, NoOfPurchasesPerDay) values (56, 51, 35, TO_DATE('1/16/2023','MM/DD/YYYY'), '2:29 AM', 101.79, 82);
insert into Spring23_S003_22_BillingMachine (MachineID, StoreID, EmpID, MDate, MTime, totalCost, NoOfPurchasesPerDay) values (57, 34, 34, TO_DATE('1/18/2023','MM/DD/YYYY'), '2:15 AM', 618.94, 69);
insert into Spring23_S003_22_BillingMachine (MachineID, StoreID, EmpID, MDate, MTime, totalCost, NoOfPurchasesPerDay) values (58, 18, 121, TO_DATE('3/17/2023','MM/DD/YYYY'), '12:36 PM', 45.67, 79);
insert into Spring23_S003_22_BillingMachine (MachineID, StoreID, EmpID, MDate, MTime, totalCost, NoOfPurchasesPerDay) values (59, 43, 278,  TO_DATE('3/4/2023','MM/DD/YYYY'), '3:00 AM', 830.41, 49);
insert into Spring23_S003_22_BillingMachine (MachineID, StoreID, EmpID, MDate, MTime, totalCost, NoOfPurchasesPerDay) values (60, 47, 12, TO_DATE('1/11/2023','MM/DD/YYYY'), '10:55 AM', 374.00, 53);
insert into Spring23_S003_22_BillingMachine (MachineID, StoreID, EmpID, MDate, MTime, totalCost, NoOfPurchasesPerDay) values (61, 48, 122,  TO_DATE('3/21/2023','MM/DD/YYYY'), '8:21 AM', 268.46, 78);
insert into Spring23_S003_22_BillingMachine (MachineID, StoreID, EmpID, MDate, MTime, totalCost, NoOfPurchasesPerDay) values (62, 15, 47, TO_DATE('3/22/2023','MM/DD/YYYY'), '7:43 PM', 869.80, 38);
insert into Spring23_S003_22_BillingMachine (MachineID, StoreID, EmpID, MDate, MTime, totalCost, NoOfPurchasesPerDay) values (63, 48, 68, TO_DATE('1/25/2023','MM/DD/YYYY'), '3:26 PM', 357.18, 11);
insert into Spring23_S003_22_BillingMachine (MachineID, StoreID, EmpID, MDate, MTime, totalCost, NoOfPurchasesPerDay) values (64, 28, 291,TO_DATE( '2/28/2023','MM/DD/YYYY'), '7:47 PM', 854.26, 45);
insert into Spring23_S003_22_BillingMachine (MachineID, StoreID, EmpID, MDate, MTime, totalCost, NoOfPurchasesPerDay) values (65, 46, 25,TO_DATE( '3/10/2023','MM/DD/YYYY'), '5:10 PM', 539.10, 2);
insert into Spring23_S003_22_BillingMachine (MachineID, StoreID, EmpID, MDate, MTime, totalCost, NoOfPurchasesPerDay) values (66, 10, 43, TO_DATE('3/3/2023','MM/DD/YYYY'), '5:21 AM', 899.17, 23);
insert into Spring23_S003_22_BillingMachine (MachineID, StoreID, EmpID, MDate, MTime, totalCost, NoOfPurchasesPerDay) values (67, 8, 210, TO_DATE('3/9/2023','MM/DD/YYYY'), '12:54 AM', 142.66, 24);
insert into Spring23_S003_22_BillingMachine (MachineID, StoreID, EmpID, MDate, MTime, totalCost, NoOfPurchasesPerDay) values (68, 13, 42, TO_DATE('3/8/2023','MM/DD/YYYY'), '5:23 AM', 520.26, 65);
insert into Spring23_S003_22_BillingMachine (MachineID, StoreID, EmpID, MDate, MTime, totalCost, NoOfPurchasesPerDay) values (69, 40, 268, TO_DATE('1/1/2023','MM/DD/YYYY'), '6:53 AM', 785.94, 27);
insert into Spring23_S003_22_BillingMachine (MachineID, StoreID, EmpID, MDate, MTime, totalCost, NoOfPurchasesPerDay) values (70, 6, 124, TO_DATE('1/28/2023','MM/DD/YYYY'), '2:49 AM', 865.77, 46);
insert into Spring23_S003_22_BillingMachine (MachineID, StoreID, EmpID, MDate, MTime, totalCost, NoOfPurchasesPerDay) values (71, 47, 79,TO_DATE( '2/22/2023','MM/DD/YYYY'), '6:20 PM', 487.88, 12);
insert into Spring23_S003_22_BillingMachine (MachineID, StoreID, EmpID, MDate, MTime, totalCost, NoOfPurchasesPerDay) values (72, 12, 116, TO_DATE('2/8/2023','MM/DD/YYYY'), '1:52 PM', 332.51, 76);
insert into Spring23_S003_22_BillingMachine (MachineID, StoreID, EmpID, MDate, MTime, totalCost, NoOfPurchasesPerDay) values (73, 50, 168, TO_DATE('3/24/2023','MM/DD/YYYY'), '9:35 PM', 374.14, 57);
insert into Spring23_S003_22_BillingMachine (MachineID, StoreID, EmpID, MDate, MTime, totalCost, NoOfPurchasesPerDay) values (74, 28, 109, TO_DATE('2/7/2023','MM/DD/YYYY'), '3:30 PM', 556.69, 90);
insert into Spring23_S003_22_BillingMachine (MachineID, StoreID, EmpID, MDate, MTime, totalCost, NoOfPurchasesPerDay) values (75, 4, 237, TO_DATE('1/24/2023','MM/DD/YYYY'), '8:27 AM', 546.34, 69);
insert into Spring23_S003_22_BillingMachine (MachineID, StoreID, EmpID, MDate, MTime, totalCost, NoOfPurchasesPerDay) values (76, 14, 239, TO_DATE('2/25/2023','MM/DD/YYYY'), '1:23 AM', 303.04, 32);
insert into Spring23_S003_22_BillingMachine (MachineID, StoreID, EmpID, MDate, MTime, totalCost, NoOfPurchasesPerDay) values (77, 33, 68, TO_DATE('3/21/2023','MM/DD/YYYY'), '8:55 AM', 930.89, 28);
insert into Spring23_S003_22_BillingMachine (MachineID, StoreID, EmpID, MDate, MTime, totalCost, NoOfPurchasesPerDay) values (78, 6, 17, TO_DATE('2/10/2023','MM/DD/YYYY') ,'12:55 AM', 564.51, 12);
insert into Spring23_S003_22_BillingMachine (MachineID, StoreID, EmpID, MDate, MTime, totalCost, NoOfPurchasesPerDay) values (79, 18, 74, TO_DATE('2/19/2023','MM/DD/YYYY'), '3:00 AM', 801.34, 88);
insert into Spring23_S003_22_BillingMachine (MachineID, StoreID, EmpID, MDate, MTime, totalCost, NoOfPurchasesPerDay) values (80, 53, 195, TO_DATE('1/4/2023','MM/DD/YYYY'), '5:35 AM', 236.96, 13);
insert into Spring23_S003_22_BillingMachine (MachineID, StoreID, EmpID, MDate, MTime, totalCost, NoOfPurchasesPerDay) values (81, 5, 7, TO_DATE('3/26/2023','MM/DD/YYYY'), '9:14 PM', 138.25, 69);
insert into Spring23_S003_22_BillingMachine (MachineID, StoreID, EmpID, MDate, MTime, totalCost, NoOfPurchasesPerDay) values (82, 3, 193,  TO_DATE('2/27/2023','MM/DD/YYYY'), '10:11 AM', 123.89, 13);
insert into Spring23_S003_22_BillingMachine (MachineID, StoreID, EmpID, MDate, MTime, totalCost, NoOfPurchasesPerDay) values (83, 50, 87, TO_DATE('1/4/2023','MM/DD/YYYY') ,'2:00 AM', 5.23, 98);
insert into Spring23_S003_22_BillingMachine (MachineID, StoreID, EmpID, MDate, MTime, totalCost, NoOfPurchasesPerDay) values (84, 54, 185, TO_DATE('1/25/2023','MM/DD/YYYY'), '10:48 AM', 22.43, 56);
insert into Spring23_S003_22_BillingMachine (MachineID, StoreID, EmpID, MDate, MTime, totalCost, NoOfPurchasesPerDay) values (85, 5, 196, TO_DATE('2/24/2023','MM/DD/YYYY'), '9:43 PM', 775.08, 43);
insert into Spring23_S003_22_BillingMachine (MachineID, StoreID, EmpID, MDate, MTime, totalCost, NoOfPurchasesPerDay) values (86, 10, 174, TO_DATE('1/31/2023','MM/DD/YYYY'), '8:29 PM', 752.78, 36);
insert into Spring23_S003_22_BillingMachine (MachineID, StoreID, EmpID, MDate, MTime, totalCost, NoOfPurchasesPerDay) values (87, 40, 83, TO_DATE('2/17/2023','MM/DD/YYYY'), '1:56 AM', 950.29, 57);
insert into Spring23_S003_22_BillingMachine (MachineID, StoreID, EmpID, MDate, MTime, totalCost, NoOfPurchasesPerDay) values (88, 31, 155,TO_DATE( '3/5/2023','MM/DD/YYYY'), '4:31 AM', 297.56, 13);
insert into Spring23_S003_22_BillingMachine (MachineID, StoreID, EmpID, MDate, MTime, totalCost, NoOfPurchasesPerDay) values (89, 47, 300, TO_DATE('1/10/2023','MM/DD/YYYY'), '10:42 AM', 586.21, 54);
insert into Spring23_S003_22_BillingMachine (MachineID, StoreID, EmpID, MDate, MTime, totalCost, NoOfPurchasesPerDay) values (90, 4, 174, TO_DATE('3/3/2023','MM/DD/YYYY'), '8:47 PM', 171.14, 59);
insert into Spring23_S003_22_BillingMachine (MachineID, StoreID, EmpID, MDate, MTime, totalCost, NoOfPurchasesPerDay) values (91, 48, 286, TO_DATE('3/7/2023','MM/DD/YYYY'), '10:37 AM', 471.55, 47);
insert into Spring23_S003_22_BillingMachine (MachineID, StoreID, EmpID, MDate, MTime, totalCost, NoOfPurchasesPerDay) values (92, 29, 195, TO_DATE('2/16/2023','MM/DD/YYYY'), '11:06 AM', 346.41, 45);
insert into Spring23_S003_22_BillingMachine (MachineID, StoreID, EmpID, MDate, MTime, totalCost, NoOfPurchasesPerDay) values (93, 33, 161, TO_DATE('2/22/2023','MM/DD/YYYY'), '1:46 AM', 998.27, 7);
insert into Spring23_S003_22_BillingMachine (MachineID, StoreID, EmpID, MDate, MTime, totalCost, NoOfPurchasesPerDay) values (94, 48, 190, TO_DATE('3/10/2023','MM/DD/YYYY'), '7:56 PM', 433.96, 83);
insert into Spring23_S003_22_BillingMachine (MachineID, StoreID, EmpID, MDate, MTime, totalCost, NoOfPurchasesPerDay) values (95, 9, 170,  TO_DATE('2/5/2023','MM/DD/YYYY'), '11:25 PM', 616.65, 14);
insert into Spring23_S003_22_BillingMachine (MachineID, StoreID, EmpID, MDate, MTime, totalCost, NoOfPurchasesPerDay) values (96, 48, 252, TO_DATE('3/14/2023','MM/DD/YYYY'), '7:02 PM', 744.03, 62);
insert into Spring23_S003_22_BillingMachine (MachineID, StoreID, EmpID, MDate, MTime, totalCost, NoOfPurchasesPerDay) values (97, 3, 143, TO_DATE('1/30/2023','MM/DD/YYYY'), '10:32 PM', 270.81, 61);
insert into Spring23_S003_22_BillingMachine (MachineID, StoreID, EmpID, MDate, MTime, totalCost, NoOfPurchasesPerDay) values (98, 6, 260, TO_DATE('1/4/2023','MM/DD/YYYY'), '4:00 AM', 987.34, 28);
insert into Spring23_S003_22_BillingMachine (MachineID, StoreID, EmpID, MDate, MTime, totalCost, NoOfPurchasesPerDay) values (99, 34, 299, TO_DATE('3/27/2023','MM/DD/YYYY'), '7:40 PM', 381.08, 10);
insert into Spring23_S003_22_BillingMachine (MachineID, StoreID, EmpID, MDate, MTime, totalCost, NoOfPurchasesPerDay) values (100, 46, 251, TO_DATE('3/4/2023','MM/DD/YYYY'), '6:11 PM', 242.63, 94);
insert into Spring23_S003_22_BillingMachine (MachineID, StoreID, EmpID, MDate, MTime, totalCost, NoOfPurchasesPerDay) values (101, 32, 134, TO_DATE('3/9/2023','MM/DD/YYYY'), '10:46 AM', 207.76, 22);
insert into Spring23_S003_22_BillingMachine (MachineID, StoreID, EmpID, MDate, MTime, totalCost, NoOfPurchasesPerDay) values (102, 53, 154, TO_DATE('2/21/2023','MM/DD/YYYY'), '8:11 PM', 861.19, 40);
insert into Spring23_S003_22_BillingMachine (MachineID, StoreID, EmpID, MDate, MTime, totalCost, NoOfPurchasesPerDay) values (103, 48, 193, TO_DATE('3/26/2023','MM/DD/YYYY'), '2:31 AM', 981.43, 26);
insert into Spring23_S003_22_BillingMachine (MachineID, StoreID, EmpID, MDate, MTime, totalCost, NoOfPurchasesPerDay) values (104, 24, 204, TO_DATE('1/4/2023','MM/DD/YYYY'), '7:09 AM', 676.09, 88);
insert into Spring23_S003_22_BillingMachine (MachineID, StoreID, EmpID, MDate, MTime, totalCost, NoOfPurchasesPerDay) values (105, 57, 76, TO_DATE('1/27/2023','MM/DD/YYYY'), '9:37 AM', 69.01, 64);
insert into Spring23_S003_22_BillingMachine (MachineID, StoreID, EmpID, MDate, MTime, totalCost, NoOfPurchasesPerDay) values (106, 11, 65, TO_DATE('1/27/2023','MM/DD/YYYY'), '12:36 PM', 560.97, 97);
insert into Spring23_S003_22_BillingMachine (MachineID, StoreID, EmpID, MDate, MTime, totalCost, NoOfPurchasesPerDay) values (107, 16, 180, TO_DATE('1/2/2023','MM/DD/YYYY'), '5:05 AM', 262.23, 51);
insert into Spring23_S003_22_BillingMachine (MachineID, StoreID, EmpID, MDate, MTime, totalCost, NoOfPurchasesPerDay) values (108, 18, 131, TO_DATE('2/27/2023','MM/DD/YYYY'), '7:12 AM', 820.49, 83);
insert into Spring23_S003_22_BillingMachine (MachineID, StoreID, EmpID, MDate, MTime, totalCost, NoOfPurchasesPerDay) values (109, 28, 144, TO_DATE('1/29/2023','MM/DD/YYYY'), '9:20 AM', 408.34, 31);
insert into Spring23_S003_22_BillingMachine (MachineID, StoreID, EmpID, MDate, MTime, totalCost, NoOfPurchasesPerDay) values (110, 37, 100,  TO_DATE('3/23/2023','MM/DD/YYYY'), '2:23 AM',244.51, 1);
insert into Spring23_S003_22_BillingMachine (MachineID, StoreID, EmpID, MDate, MTime, totalCost, NoOfPurchasesPerDay) values (111, 8, 169,  TO_DATE('3/25/2023','MM/DD/YYYY'), '10:43 PM', 614.27, 40);
insert into Spring23_S003_22_BillingMachine (MachineID, StoreID, EmpID, MDate, MTime, totalCost, NoOfPurchasesPerDay) values (112, 7, 7, TO_DATE('1/21/2023','MM/DD/YYYY'), '12:24 PM', 72.87, 29);
insert into Spring23_S003_22_BillingMachine (MachineID, StoreID, EmpID, MDate, MTime, totalCost, NoOfPurchasesPerDay) values (113, 56, 29,TO_DATE( '2/24/2023','MM/DD/YYYY'), '4:58 AM', 971.99, 78);
insert into Spring23_S003_22_BillingMachine (MachineID, StoreID, EmpID, MDate, MTime, totalCost, NoOfPurchasesPerDay) values (114, 14, 267, TO_DATE('1/27/2023','MM/DD/YYYY'), '7:20 PM', 322.22, 8);
insert into Spring23_S003_22_BillingMachine (MachineID, StoreID, EmpID, MDate, MTime, totalCost, NoOfPurchasesPerDay) values (115, 48, 162, TO_DATE('2/4/2023','MM/DD/YYYY'), '5:40 PM', 137.19, 75);
insert into Spring23_S003_22_BillingMachine (MachineID, StoreID, EmpID, MDate, MTime, totalCost, NoOfPurchasesPerDay) values (116, 14, 288,  TO_DATE('3/3/2023','MM/DD/YYYY'), '3:11 AM', 525.23, 79);
insert into Spring23_S003_22_BillingMachine (MachineID, StoreID, EmpID, MDate, MTime, totalCost, NoOfPurchasesPerDay) values (117, 24, 256, TO_DATE('2/10/2023','MM/DD/YYYY'), '10:50 AM', 550.72, 55);
insert into Spring23_S003_22_BillingMachine (MachineID, StoreID, EmpID, MDate, MTime, totalCost, NoOfPurchasesPerDay) values (118, 1, 58, TO_DATE('1/30/2023','MM/DD/YYYY'), '4:38 AM', 568.04, 74);
insert into Spring23_S003_22_BillingMachine (MachineID, StoreID, EmpID, MDate, MTime, totalCost, NoOfPurchasesPerDay) values (119, 9, 205,  TO_DATE('1/22/2023','MM/DD/YYYY'), '7:28 PM', 877.23, 23);
insert into Spring23_S003_22_BillingMachine (MachineID, StoreID, EmpID, MDate, MTime, totalCost, NoOfPurchasesPerDay) values (120, 19, 8, TO_DATE('1/3/2023','MM/DD/YYYY'), '1:08 PM', 254.77, 84);





-------------------------------------------Inserting Values into Spring23_S003_22_Buys Relation--------------------------


insert into Spring23_S003_22_Buys (CustID, PdtID) values (60, 47);
insert into Spring23_S003_22_Buys (CustID, PdtID) values (46, 55);
insert into Spring23_S003_22_Buys (CustID, PdtID) values (27, 21);
insert into Spring23_S003_22_Buys (CustID, PdtID) values (15, 105);
insert into Spring23_S003_22_Buys (CustID, PdtID) values (15, 101);
insert into Spring23_S003_22_Buys (CustID, PdtID) values (46, 6);
insert into Spring23_S003_22_Buys (CustID, PdtID) values (55, 93);
insert into Spring23_S003_22_Buys (CustID, PdtID) values (60, 58);
insert into Spring23_S003_22_Buys (CustID, PdtID) values (20, 113);
insert into Spring23_S003_22_Buys (CustID, PdtID) values (8, 30);
insert into Spring23_S003_22_Buys (CustID, PdtID) values (36, 40);
insert into Spring23_S003_22_Buys (CustID, PdtID) values (32, 33);
insert into Spring23_S003_22_Buys (CustID, PdtID) values (35, 87);
insert into Spring23_S003_22_Buys (CustID, PdtID) values (44, 109);
insert into Spring23_S003_22_Buys (CustID, PdtID) values (56, 52);
insert into Spring23_S003_22_Buys (CustID, PdtID) values (21, 87);
insert into Spring23_S003_22_Buys (CustID, PdtID) values (23, 38);
insert into Spring23_S003_22_Buys (CustID, PdtID) values (68, 99);
insert into Spring23_S003_22_Buys (CustID, PdtID) values (66, 70);
insert into Spring23_S003_22_Buys (CustID, PdtID) values (50, 120);
insert into Spring23_S003_22_Buys (CustID, PdtID) values (43, 74);
insert into Spring23_S003_22_Buys (CustID, PdtID) values (40, 54);
insert into Spring23_S003_22_Buys (CustID, PdtID) values (61, 117);
insert into Spring23_S003_22_Buys (CustID, PdtID) values (56, 102);
insert into Spring23_S003_22_Buys (CustID, PdtID) values (62, 66);
insert into Spring23_S003_22_Buys (CustID, PdtID) values (14, 46);
insert into Spring23_S003_22_Buys (CustID, PdtID) values (11, 84);
insert into Spring23_S003_22_Buys (CustID, PdtID) values (44, 45);
insert into Spring23_S003_22_Buys (CustID, PdtID) values (30, 39);
insert into Spring23_S003_22_Buys (CustID, PdtID) values (39, 21);
insert into Spring23_S003_22_Buys (CustID, PdtID) values (47, 64);
insert into Spring23_S003_22_Buys (CustID, PdtID) values (35, 34);
insert into Spring23_S003_22_Buys (CustID, PdtID) values (70, 86);
insert into Spring23_S003_22_Buys (CustID, PdtID) values (31, 18);
insert into Spring23_S003_22_Buys (CustID, PdtID) values (36, 17);
insert into Spring23_S003_22_Buys (CustID, PdtID) values (5, 120);
insert into Spring23_S003_22_Buys (CustID, PdtID) values (63, 63);
insert into Spring23_S003_22_Buys (CustID, PdtID) values (32, 62);
insert into Spring23_S003_22_Buys (CustID, PdtID) values (38, 16);
insert into Spring23_S003_22_Buys (CustID, PdtID) values (35, 29);
insert into Spring23_S003_22_Buys (CustID, PdtID) values (16, 83);
insert into Spring23_S003_22_Buys (CustID, PdtID) values (28, 22);
insert into Spring23_S003_22_Buys (CustID, PdtID) values (54, 105);
insert into Spring23_S003_22_Buys (CustID, PdtID) values (54, 55);
insert into Spring23_S003_22_Buys (CustID, PdtID) values (27, 102);
insert into Spring23_S003_22_Buys (CustID, PdtID) values (19, 90);
insert into Spring23_S003_22_Buys (CustID, PdtID) values (11, 101);
insert into Spring23_S003_22_Buys (CustID, PdtID) values (60, 67);
insert into Spring23_S003_22_Buys (CustID, PdtID) values (16, 3);
insert into Spring23_S003_22_Buys (CustID, PdtID) values (46, 108);
insert into Spring23_S003_22_Buys (CustID, PdtID) values (62, 12);
insert into Spring23_S003_22_Buys (CustID, PdtID) values (5, 111);
insert into Spring23_S003_22_Buys (CustID, PdtID) values (40, 28);
insert into Spring23_S003_22_Buys (CustID, PdtID) values (47, 29);
insert into Spring23_S003_22_Buys (CustID, PdtID) values (18, 73);
insert into Spring23_S003_22_Buys (CustID, PdtID) values (35, 89);
insert into Spring23_S003_22_Buys (CustID, PdtID) values (59, 8);
insert into Spring23_S003_22_Buys (CustID, PdtID) values (23, 112);
insert into Spring23_S003_22_Buys (CustID, PdtID) values (36, 29);
insert into Spring23_S003_22_Buys (CustID, PdtID) values (22, 60);
insert into Spring23_S003_22_Buys (CustID, PdtID) values (26, 108);
insert into Spring23_S003_22_Buys (CustID, PdtID) values (26, 111);
insert into Spring23_S003_22_Buys (CustID, PdtID) values (68, 32);
insert into Spring23_S003_22_Buys (CustID, PdtID) values (16, 57);
insert into Spring23_S003_22_Buys (CustID, PdtID) values (1, 14);
insert into Spring23_S003_22_Buys (CustID, PdtID) values (21, 86);
insert into Spring23_S003_22_Buys (CustID, PdtID) values (56, 79);
insert into Spring23_S003_22_Buys (CustID, PdtID) values (30, 46);
insert into Spring23_S003_22_Buys (CustID, PdtID) values (33, 41);
insert into Spring23_S003_22_Buys (CustID, PdtID) values (39, 108);


-------------------------------------------Inserting Values into Spring23_S003_22_Purchases Relation--------------------------


insert into Spring23_S003_22_Purchases (PurchaseID, MachineID, PDate, PTime, totalCost, NoOfItems, CustID) values (1, 13, TO_DATE('10/8/2022','MM/DD/YYYY'), '12:18 PM', 3749.34, 293, 4);
insert into Spring23_S003_22_Purchases (PurchaseID, MachineID, PDate, PTime, totalCost, NoOfItems, CustID) values (2, 58, TO_DATE('12/14/2022','MM/DD/YYYY'), '5:41 PM', 7015.12, 3, 7);
insert into Spring23_S003_22_Purchases (PurchaseID, MachineID, PDate, PTime, totalCost, NoOfItems, CustID) values (3, 120, TO_DATE('8/27/2022','MM/DD/YYYY'), '6:16 AM', 6929.49, 280, 62);
insert into Spring23_S003_22_Purchases (PurchaseID, MachineID, PDate, PTime, totalCost, NoOfItems, CustID) values (4, 90, TO_DATE('1/7/2023','MM/DD/YYYY'), '11:33 AM', 6388.60, 277, 10);
insert into Spring23_S003_22_Purchases (PurchaseID, MachineID, PDate, PTime, totalCost, NoOfItems, CustID) values (5, 17, TO_DATE('3/3/2022','MM/DD/YYYY'), '6:06 PM', 3414.12, 385, 23);
insert into Spring23_S003_22_Purchases (PurchaseID, MachineID, PDate, PTime, totalCost, NoOfItems, CustID) values (6, 39, TO_DATE('1/30/2022','MM/DD/YYYY'), '8:54 AM', 9514.65, 270, 26);
insert into Spring23_S003_22_Purchases (PurchaseID, MachineID, PDate, PTime, totalCost, NoOfItems, CustID) values (7, 69, TO_DATE('12/16/2022','MM/DD/YYYY'), '4:15 PM', 5047.83, 120, 50);
insert into Spring23_S003_22_Purchases (PurchaseID, MachineID, PDate, PTime, totalCost, NoOfItems, CustID) values (8, 1, TO_DATE('6/10/2022','MM/DD/YYYY'), '8:17 AM', 8952.36, 117, 16);
insert into Spring23_S003_22_Purchases (PurchaseID, MachineID, PDate, PTime, totalCost, NoOfItems, CustID) values (9, 35, TO_DATE('8/12/2022','MM/DD/YYYY'), '12:08 PM', 7315.99, 423, 62);
insert into Spring23_S003_22_Purchases (PurchaseID, MachineID, PDate, PTime, totalCost, NoOfItems, CustID) values (10, 31, TO_DATE('11/24/2022','MM/DD/YYYY'), '9:53 PM', 3843.49, 379, 15);
insert into Spring23_S003_22_Purchases (PurchaseID, MachineID, PDate, PTime, totalCost, NoOfItems, CustID) values (11, 76, TO_DATE('4/15/2022','MM/DD/YYYY'), '8:30 AM', 9541.73, 296, 29);
insert into Spring23_S003_22_Purchases (PurchaseID, MachineID, PDate, PTime, totalCost, NoOfItems, CustID) values (12, 86, TO_DATE('9/17/2022','MM/DD/YYYY'), '7:24 PM', 2128.53, 234, 16);
insert into Spring23_S003_22_Purchases (PurchaseID, MachineID, PDate, PTime, totalCost, NoOfItems, CustID) values (13, 71, TO_DATE('2/22/2022','MM/DD/YYYY'), '8:51 AM', 832.29, 337, 23);
insert into Spring23_S003_22_Purchases (PurchaseID, MachineID, PDate, PTime, totalCost, NoOfItems, CustID) values (14, 116, TO_DATE('12/31/2022','MM/DD/YYYY'), '2:03 AM', 6624.90, 406, 21);
insert into Spring23_S003_22_Purchases (PurchaseID, MachineID, PDate, PTime, totalCost, NoOfItems, CustID) values (15, 19, TO_DATE('6/11/2022','MM/DD/YYYY'), '9:51 PM', 4664.56, 175, 50);
insert into Spring23_S003_22_Purchases (PurchaseID, MachineID, PDate, PTime, totalCost, NoOfItems, CustID) values (16, 98, TO_DATE('5/23/2022','MM/DD/YYYY'), '6:25 AM', 3023.88, 312, 16);
insert into Spring23_S003_22_Purchases (PurchaseID, MachineID, PDate, PTime, totalCost, NoOfItems, CustID) values (17, 28, TO_DATE('1/29/2022','MM/DD/YYYY'), '8:21 AM', 8763.04, 395, 30);
insert into Spring23_S003_22_Purchases (PurchaseID, MachineID, PDate, PTime, totalCost, NoOfItems, CustID) values (18, 39, TO_DATE('9/22/2022','MM/DD/YYYY'), '4:03 PM', 2691.12, 456, 67);
insert into Spring23_S003_22_Purchases (PurchaseID, MachineID, PDate, PTime, totalCost, NoOfItems, CustID) values (19, 64, TO_DATE('8/4/2022','MM/DD/YYYY'), '2:19 AM', 3048.58, 478, 18);
insert into Spring23_S003_22_Purchases (PurchaseID, MachineID, PDate, PTime, totalCost, NoOfItems, CustID) values (20, 120, TO_DATE('11/13/2022','MM/DD/YYYY'), '8:30 PM', 9996.32, 454, 67);
insert into Spring23_S003_22_Purchases (PurchaseID, MachineID, PDate, PTime, totalCost, NoOfItems, CustID) values (21, 30, TO_DATE('8/13/2022','MM/DD/YYYY'), '11:33 AM', 6129.30, 20, 19);
insert into Spring23_S003_22_Purchases (PurchaseID, MachineID, PDate, PTime, totalCost, NoOfItems, CustID) values (22, 96, TO_DATE('4/7/2022','MM/DD/YYYY'), '11:30 AM', 1150.81, 179, 57);
insert into Spring23_S003_22_Purchases (PurchaseID, MachineID, PDate, PTime, totalCost, NoOfItems, CustID) values (23, 30, TO_DATE('12/19/2022','MM/DD/YYYY'), '3:50 AM', 6696.09, 359, 17);
insert into Spring23_S003_22_Purchases (PurchaseID, MachineID, PDate, PTime, totalCost, NoOfItems, CustID) values (24, 36, TO_DATE('1/13/2022','MM/DD/YYYY'), '5:08 PM', 514.07, 492, 16);
insert into Spring23_S003_22_Purchases (PurchaseID, MachineID, PDate, PTime, totalCost, NoOfItems, CustID) values (25, 55, TO_DATE('11/16/2022','MM/DD/YYYY'), '6:41 AM', 9237.90, 6, 3);
insert into Spring23_S003_22_Purchases (PurchaseID, MachineID, PDate, PTime, totalCost, NoOfItems, CustID) values (26, 108, TO_DATE('2/26/2022','MM/DD/YYYY'), '3:19 AM', 2674.61, 362, 18);
insert into Spring23_S003_22_Purchases (PurchaseID, MachineID, PDate, PTime, totalCost, NoOfItems, CustID) values (27, 72, TO_DATE('6/14/2022','MM/DD/YYYY'), '2:58 PM', 5782.18, 182, 49);
insert into Spring23_S003_22_Purchases (PurchaseID, MachineID, PDate, PTime, totalCost, NoOfItems, CustID) values (28, 112, TO_DATE('3/30/2023','MM/DD/YYYY'), '6:06 PM', 176.75, 0, 5);
insert into Spring23_S003_22_Purchases (PurchaseID, MachineID, PDate, PTime, totalCost, NoOfItems, CustID) values (29, 20, TO_DATE('3/3/2022','MM/DD/YYYY'), '4:41 PM', 633.89, 374, 66);
insert into Spring23_S003_22_Purchases (PurchaseID, MachineID, PDate, PTime, totalCost, NoOfItems, CustID) values (30, 47, TO_DATE('5/24/2022','MM/DD/YYYY'), '3:43 PM', 723.31, 107, 39);
insert into Spring23_S003_22_Purchases (PurchaseID, MachineID, PDate, PTime, totalCost, NoOfItems, CustID) values (31, 1, TO_DATE('9/25/2022','MM/DD/YYYY'), '8:22 PM', 4571.69, 363, 44);
insert into Spring23_S003_22_Purchases (PurchaseID, MachineID, PDate, PTime, totalCost, NoOfItems, CustID) values (32, 84, TO_DATE('10/24/2022','MM/DD/YYYY'), '5:50 AM', 3907.48, 358, 8);
insert into Spring23_S003_22_Purchases (PurchaseID, MachineID, PDate, PTime, totalCost, NoOfItems, CustID) values (33, 47, TO_DATE('2/14/2023','MM/DD/YYYY'), '9:24 AM', 1921.30, 310, 27);
insert into Spring23_S003_22_Purchases (PurchaseID, MachineID, PDate, PTime, totalCost, NoOfItems, CustID) values (34, 44, TO_DATE('1/8/2022','MM/DD/YYYY'), '4:21 PM', 7982.28, 269, 33);
insert into Spring23_S003_22_Purchases (PurchaseID, MachineID, PDate, PTime, totalCost, NoOfItems, CustID) values (35, 115, TO_DATE('1/19/2022','MM/DD/YYYY'), '6:23 AM', 7950.53, 219, 28);
insert into Spring23_S003_22_Purchases (PurchaseID, MachineID, PDate, PTime, totalCost, NoOfItems, CustID) values (36, 109, TO_DATE('6/2/2022','MM/DD/YYYY'), '4:48 PM', 9483.93, 20, 30);
insert into Spring23_S003_22_Purchases (PurchaseID, MachineID, PDate, PTime, totalCost, NoOfItems, CustID) values (37, 56, TO_DATE('1/1/2022','MM/DD/YYYY'), '2:30 AM', 3975.35, 143, 66);
insert into Spring23_S003_22_Purchases (PurchaseID, MachineID, PDate, PTime, totalCost, NoOfItems, CustID) values (38, 118, TO_DATE('3/12/2023','MM/DD/YYYY'), '10:51 AM', 4958.25, 82, 24);
insert into Spring23_S003_22_Purchases (PurchaseID, MachineID, PDate, PTime, totalCost, NoOfItems, CustID) values (39, 71, TO_DATE('7/2/2022','MM/DD/YYYY'), '6:31 AM', 2623.07, 111, 9);
insert into Spring23_S003_22_Purchases (PurchaseID, MachineID, PDate, PTime, totalCost, NoOfItems, CustID) values (40, 88, TO_DATE('4/17/2022','MM/DD/YYYY'), '1:33 AM', 866.26, 328, 13);
insert into Spring23_S003_22_Purchases (PurchaseID, MachineID, PDate, PTime, totalCost, NoOfItems, CustID) values (41, 57, TO_DATE('9/22/2022','MM/DD/YYYY'), '11:24 PM', 1605.51, 495, 9);
insert into Spring23_S003_22_Purchases (PurchaseID, MachineID, PDate, PTime, totalCost, NoOfItems, CustID) values (42, 61, TO_DATE('9/13/2022','MM/DD/YYYY'), '1:21 AM', 5425.50, 303, 54);
insert into Spring23_S003_22_Purchases (PurchaseID, MachineID, PDate, PTime, totalCost, NoOfItems, CustID) values (43, 107, TO_DATE('8/5/2022','MM/DD/YYYY'), '10:43 PM', 9051.86, 48, 18);
insert into Spring23_S003_22_Purchases (PurchaseID, MachineID, PDate, PTime, totalCost, NoOfItems, CustID) values (44, 30, TO_DATE('6/23/2022','MM/DD/YYYY'), '1:12 PM', 4149.03, 144, 10);
insert into Spring23_S003_22_Purchases (PurchaseID, MachineID, PDate, PTime, totalCost, NoOfItems, CustID) values (45, 119, TO_DATE('3/23/2022','MM/DD/YYYY'), '6:12 AM', 3729.82, 462, 30);
insert into Spring23_S003_22_Purchases (PurchaseID, MachineID, PDate, PTime, totalCost, NoOfItems, CustID) values (46, 83, TO_DATE('11/27/2022','MM/DD/YYYY'), '12:22 AM', 5763.54, 112, 58);
insert into Spring23_S003_22_Purchases (PurchaseID, MachineID, PDate, PTime, totalCost, NoOfItems, CustID) values (47, 120, TO_DATE('1/27/2022','MM/DD/YYYY'), '8:16 AM', 6602.18, 90, 28);
insert into Spring23_S003_22_Purchases (PurchaseID, MachineID, PDate, PTime, totalCost, NoOfItems, CustID) values (48, 88, TO_DATE('1/29/2023','MM/DD/YYYY'), '11:34 PM', 8617.76, 392, 20);
insert into Spring23_S003_22_Purchases (PurchaseID, MachineID, PDate, PTime, totalCost, NoOfItems, CustID) values (49, 75, TO_DATE('2/9/2022','MM/DD/YYYY'), '1:33 AM', 5980.01, 243, 23);
insert into Spring23_S003_22_Purchases (PurchaseID, MachineID, PDate, PTime, totalCost, NoOfItems, CustID) values (50, 63, TO_DATE('10/7/2022','MM/DD/YYYY'), '11:55 PM', 1973.03, 359, 61);
insert into Spring23_S003_22_Purchases (PurchaseID, MachineID, PDate, PTime, totalCost, NoOfItems, CustID) values (51, 105, TO_DATE('3/15/2023','MM/DD/YYYY'), '4:58 PM', 4763.21, 361, 66);
insert into Spring23_S003_22_Purchases (PurchaseID, MachineID, PDate, PTime, totalCost, NoOfItems, CustID) values (52, 64, TO_DATE('8/16/2022','MM/DD/YYYY'), '9:29 AM', 5088.21, 110, 48);
insert into Spring23_S003_22_Purchases (PurchaseID, MachineID, PDate, PTime, totalCost, NoOfItems, CustID) values (53, 87, TO_DATE('1/17/2023','MM/DD/YYYY'), '6:05 AM', 926.41, 146, 44);
insert into Spring23_S003_22_Purchases (PurchaseID, MachineID, PDate, PTime, totalCost, NoOfItems, CustID) values (54, 57, TO_DATE('7/12/2022','MM/DD/YYYY'), '11:07 PM', 108.63, 138, 30);
insert into Spring23_S003_22_Purchases (PurchaseID, MachineID, PDate, PTime, totalCost, NoOfItems, CustID) values (55, 5, TO_DATE('11/12/2022','MM/DD/YYYY'), '2:00 AM', 8589.14, 122, 18);
insert into Spring23_S003_22_Purchases (PurchaseID, MachineID, PDate, PTime, totalCost, NoOfItems, CustID) values (56, 4, TO_DATE('1/31/2023','MM/DD/YYYY'), '1:18 PM', 8278.53, 161, 46);
insert into Spring23_S003_22_Purchases (PurchaseID, MachineID, PDate, PTime, totalCost, NoOfItems, CustID) values (57, 1, TO_DATE('6/10/2022','MM/DD/YYYY'), '1:13 AM', 826.28, 316, 59);
insert into Spring23_S003_22_Purchases (PurchaseID, MachineID, PDate, PTime, totalCost, NoOfItems, CustID) values (58, 75, TO_DATE('9/20/2022','MM/DD/YYYY'), '12:37 PM', 737.22, 231, 18);
insert into Spring23_S003_22_Purchases (PurchaseID, MachineID, PDate, PTime, totalCost, NoOfItems, CustID) values (59, 72, TO_DATE('2/10/2023','MM/DD/YYYY'), '6:17 PM',4882.49, 311, 28);
insert into Spring23_S003_22_Purchases (PurchaseID, MachineID, PDate, PTime, totalCost, NoOfItems, CustID) values (60, 39, TO_DATE('8/4/2022','MM/DD/YYYY'), '7:09 PM', 9066.60, 309, 7);
insert into Spring23_S003_22_Purchases (PurchaseID, MachineID, PDate, PTime, totalCost, NoOfItems, CustID) values (61, 107, TO_DATE('11/11/2022','MM/DD/YYYY'), '4:14 AM', 8513.09, 307, 6);
insert into Spring23_S003_22_Purchases (PurchaseID, MachineID, PDate, PTime, totalCost, NoOfItems, CustID) values (62, 90, TO_DATE('5/3/2022','MM/DD/YYYY'), '7:45 PM', 3437.16, 288, 62);
insert into Spring23_S003_22_Purchases (PurchaseID, MachineID, PDate, PTime, totalCost, NoOfItems, CustID) values (63, 108, TO_DATE('12/26/2022','MM/DD/YYYY'), '3:14 PM', 1494.48, 349, 21);
insert into Spring23_S003_22_Purchases (PurchaseID, MachineID, PDate, PTime, totalCost, NoOfItems, CustID) values (64, 63, TO_DATE('1/8/2023','MM/DD/YYYY'), '1:53 PM', 908.56, 49, 65);
insert into Spring23_S003_22_Purchases (PurchaseID, MachineID, PDate, PTime, totalCost, NoOfItems, CustID) values (65, 25, TO_DATE('3/10/2023','MM/DD/YYYY'), '6:53 AM', 3373.28, 45, 43);
insert into Spring23_S003_22_Purchases (PurchaseID, MachineID, PDate, PTime, totalCost, NoOfItems, CustID) values (66, 102, TO_DATE('6/23/2022','MM/DD/YYYY'), '8:44 AM', 7998.74, 211, 33);
insert into Spring23_S003_22_Purchases (PurchaseID, MachineID, PDate, PTime, totalCost, NoOfItems, CustID) values (67, 43, TO_DATE('2/24/2022','MM/DD/YYYY'), '3:13 AM', 8637.74, 308, 10);
insert into Spring23_S003_22_Purchases (PurchaseID, MachineID, PDate, PTime, totalCost, NoOfItems, CustID) values (68, 48, TO_DATE('12/10/2022','MM/DD/YYYY'), '1:30 AM', 6707.51, 186, 55);
insert into Spring23_S003_22_Purchases (PurchaseID, MachineID, PDate, PTime, totalCost, NoOfItems, CustID) values (69, 73, TO_DATE('10/11/2022','MM/DD/YYYY'), '10:48 AM', 1313.83, 292, 61);
insert into Spring23_S003_22_Purchases (PurchaseID, MachineID, PDate, PTime, totalCost, NoOfItems, CustID) values (70, 106, TO_DATE('3/18/2023','MM/DD/YYYY'), '4:47 AM', 4491.77, 269, 12);
insert into Spring23_S003_22_Purchases (PurchaseID, MachineID, PDate, PTime, totalCost, NoOfItems, CustID) values (71, 37, TO_DATE('5/11/2022','MM/DD/YYYY'), '12:37 PM', 4993.26, 316, 56);
insert into Spring23_S003_22_Purchases (PurchaseID, MachineID, PDate, PTime, totalCost, NoOfItems, CustID) values (72, 108, TO_DATE('5/27/2022','MM/DD/YYYY'), '12:24 AM', 3826.30, 164, 53);
insert into Spring23_S003_22_Purchases (PurchaseID, MachineID, PDate, PTime, totalCost, NoOfItems, CustID) values (73, 22, TO_DATE('3/28/2022','MM/DD/YYYY'), '10:13 AM', 5439.64, 10, 48);
insert into Spring23_S003_22_Purchases (PurchaseID, MachineID, PDate, PTime, totalCost, NoOfItems, CustID) values (74, 103, TO_DATE('2/16/2022','MM/DD/YYYY'), '4:38 PM', 5715.35, 352, 52);
insert into Spring23_S003_22_Purchases (PurchaseID, MachineID, PDate, PTime, totalCost, NoOfItems, CustID) values (75, 114, TO_DATE('7/3/2022','MM/DD/YYYY'), '11:46 AM', 7418.24, 436, 29);
insert into Spring23_S003_22_Purchases (PurchaseID, MachineID, PDate, PTime, totalCost, NoOfItems, CustID) values (76, 32, TO_DATE('9/9/2022','MM/DD/YYYY'), '8:24 PM', 1958.85, 77, 11);
insert into Spring23_S003_22_Purchases (PurchaseID, MachineID, PDate, PTime, totalCost, NoOfItems, CustID) values (77, 51, TO_DATE('12/3/2022','MM/DD/YYYY'), '4:06 PM', 3798.42, 226, 45);
insert into Spring23_S003_22_Purchases (PurchaseID, MachineID, PDate, PTime, totalCost, NoOfItems, CustID) values (78, 86, TO_DATE('11/28/2022','MM/DD/YYYY'), '8:29 PM', 4363.14, 368, 18);
insert into Spring23_S003_22_Purchases (PurchaseID, MachineID, PDate, PTime, totalCost, NoOfItems, CustID) values (79, 101, TO_DATE('10/2/2022','MM/DD/YYYY'), '7:40 AM', 1573.82, 459, 70);
insert into Spring23_S003_22_Purchases (PurchaseID, MachineID, PDate, PTime, totalCost, NoOfItems, CustID) values (80, 112, TO_DATE('7/12/2022','MM/DD/YYYY'), '12:31 PM', 1813.54, 314, 70);
insert into Spring23_S003_22_Purchases (PurchaseID, MachineID, PDate, PTime, totalCost, NoOfItems, CustID) values (81, 102, TO_DATE('7/11/2022','MM/DD/YYYY'), '2:14 PM', 9319.79, 186, 21);
insert into Spring23_S003_22_Purchases (PurchaseID, MachineID, PDate, PTime, totalCost, NoOfItems, CustID) values (82, 103, TO_DATE('12/28/2022','MM/DD/YYYY'), '11:48 AM', 5010.26, 114, 7);
insert into Spring23_S003_22_Purchases (PurchaseID, MachineID, PDate, PTime, totalCost, NoOfItems, CustID) values (83, 95, TO_DATE('5/6/2022','MM/DD/YYYY'), '6:53 AM', 4199.57, 429, 22);
insert into Spring23_S003_22_Purchases (PurchaseID, MachineID, PDate, PTime, totalCost, NoOfItems, CustID) values (84, 116, TO_DATE('2/7/2023','MM/DD/YYYY'), '12:53 AM', 6801.14, 9, 51);
insert into Spring23_S003_22_Purchases (PurchaseID, MachineID, PDate, PTime, totalCost, NoOfItems, CustID) values (85, 117, TO_DATE('7/27/2022','MM/DD/YYYY'), '7:12 AM', 9846.48, 426, 38);
insert into Spring23_S003_22_Purchases (PurchaseID, MachineID, PDate, PTime, totalCost, NoOfItems, CustID) values (86, 81, TO_DATE('2/19/2023','MM/DD/YYYY'), '6:45 AM', 4159.00, 90, 36);
insert into Spring23_S003_22_Purchases (PurchaseID, MachineID, PDate, PTime, totalCost, NoOfItems, CustID) values (87, 41, TO_DATE('11/17/2022','MM/DD/YYYY'), '6:53 AM', 8075.14, 387, 9);
insert into Spring23_S003_22_Purchases (PurchaseID, MachineID, PDate, PTime, totalCost, NoOfItems, CustID) values (88, 1, TO_DATE('1/3/2023','MM/DD/YYYY'), '8:32 AM',9158.56, 5, 37);
insert into Spring23_S003_22_Purchases (PurchaseID, MachineID, PDate, PTime, totalCost, NoOfItems, CustID) values (89, 44, TO_DATE('11/26/2022','MM/DD/YYYY'), '1:32 AM', 9778.13, 193, 21);
insert into Spring23_S003_22_Purchases (PurchaseID, MachineID, PDate, PTime, totalCost, NoOfItems, CustID) values (90, 80, TO_DATE('5/26/2022','MM/DD/YYYY'), '8:51 AM', 5118.53, 488, 10);
insert into Spring23_S003_22_Purchases (PurchaseID, MachineID, PDate, PTime, totalCost, NoOfItems, CustID) values (91, 20, TO_DATE('9/19/2022','MM/DD/YYYY'), '5:34 AM', 2581.98, 305, 28);
insert into Spring23_S003_22_Purchases (PurchaseID, MachineID, PDate, PTime, totalCost, NoOfItems, CustID) values (92, 15, TO_DATE('9/28/2022','MM/DD/YYYY'), '8:48 PM',6728.40, 98, 30);
insert into Spring23_S003_22_Purchases (PurchaseID, MachineID, PDate, PTime, totalCost, NoOfItems, CustID) values (93, 55, TO_DATE('4/22/2022','MM/DD/YYYY'), '1:26 AM', 3294.77, 424, 56);
insert into Spring23_S003_22_Purchases (PurchaseID, MachineID, PDate, PTime, totalCost, NoOfItems, CustID) values (94, 91, TO_DATE('10/18/2022','MM/DD/YYYY'), '7:29 PM', 3971.40, 204, 48);
insert into Spring23_S003_22_Purchases (PurchaseID, MachineID, PDate, PTime, totalCost, NoOfItems, CustID) values (95, 27, TO_DATE('3/12/2022','MM/DD/YYYY'), '11:44 PM', 8616.40, 480, 36);
insert into Spring23_S003_22_Purchases (PurchaseID, MachineID, PDate, PTime, totalCost, NoOfItems, CustID) values (96, 8, TO_DATE('3/24/2023','MM/DD/YYYY'), '3:15 PM', 2974.00, 463, 51);
insert into Spring23_S003_22_Purchases (PurchaseID, MachineID, PDate, PTime, totalCost, NoOfItems, CustID) values (97, 4, TO_DATE('8/18/2022','MM/DD/YYYY'), '12:54 AM', 874.21, 123, 7);
insert into Spring23_S003_22_Purchases (PurchaseID, MachineID, PDate, PTime, totalCost, NoOfItems, CustID) values (98, 29, TO_DATE('9/1/2022','MM/DD/YYYY'), '8:49 AM', 2328.37, 357, 36);
insert into Spring23_S003_22_Purchases (PurchaseID, MachineID, PDate, PTime, totalCost, NoOfItems, CustID) values (99, 17, TO_DATE('10/28/2022','MM/DD/YYYY'), '9:20 PM', 1801.49, 437, 47);
insert into Spring23_S003_22_Purchases (PurchaseID, MachineID, PDate, PTime, totalCost, NoOfItems, CustID) values (100, 108, TO_DATE('3/29/2023','MM/DD/YYYY'), '9:41 AM', 1483.49, 417, 36);
insert into Spring23_S003_22_Purchases (PurchaseID, MachineID, PDate, PTime, totalCost, NoOfItems, CustID) values (101, 60, TO_DATE('3/6/2022','MM/DD/YYYY'), '1:31 PM', 8799.29, 33, 30);
insert into Spring23_S003_22_Purchases (PurchaseID, MachineID, PDate, PTime, totalCost, NoOfItems, CustID) values (102, 82, TO_DATE('5/24/2022','MM/DD/YYYY'), '9:39 PM', 5785.28, 470, 70);
insert into Spring23_S003_22_Purchases (PurchaseID, MachineID, PDate, PTime, totalCost, NoOfItems, CustID) values (103, 28, TO_DATE('5/15/2022','MM/DD/YYYY'), '9:47 AM', 7484.13, 310, 46);
insert into Spring23_S003_22_Purchases (PurchaseID, MachineID, PDate, PTime, totalCost, NoOfItems, CustID) values (104, 68, TO_DATE('1/14/2023','MM/DD/YYYY'), '5:47 PM', 5888.50, 281, 34);
insert into Spring23_S003_22_Purchases (PurchaseID, MachineID, PDate, PTime, totalCost, NoOfItems, CustID) values (105, 64, TO_DATE('3/6/2023','MM/DD/YYYY'), '11:33 PM', 635.48, 186, 69);
insert into Spring23_S003_22_Purchases (PurchaseID, MachineID, PDate, PTime, totalCost, NoOfItems, CustID) values (106, 2, TO_DATE('4/8/2022','MM/DD/YYYY'), '4:29 PM', 6329.94, 245, 15);
insert into Spring23_S003_22_Purchases (PurchaseID, MachineID, PDate, PTime, totalCost, NoOfItems, CustID) values (107, 27, TO_DATE('5/15/2022','MM/DD/YYYY'), '9:16 AM', 5229.09, 385, 39);
insert into Spring23_S003_22_Purchases (PurchaseID, MachineID, PDate, PTime, totalCost, NoOfItems, CustID) values (108, 108, TO_DATE('3/26/2023','MM/DD/YYYY'), '12:35 PM', 3110.50, 157, 63);
insert into Spring23_S003_22_Purchases (PurchaseID, MachineID, PDate, PTime, totalCost, NoOfItems, CustID) values (109, 66, TO_DATE('7/31/2022','MM/DD/YYYY'), '11:12 AM', 5458.96, 18, 36);
insert into Spring23_S003_22_Purchases (PurchaseID, MachineID, PDate, PTime, totalCost, NoOfItems, CustID) values (110, 77, TO_DATE('3/25/2022','MM/DD/YYYY'), '9:20 PM', 7905.03, 155, 49);
insert into Spring23_S003_22_Purchases (PurchaseID, MachineID, PDate, PTime, totalCost, NoOfItems, CustID) values (111, 95, TO_DATE('7/1/2022','MM/DD/YYYY'), '5:04 PM', 2765.94, 341, 27);
insert into Spring23_S003_22_Purchases (PurchaseID, MachineID, PDate, PTime, totalCost, NoOfItems, CustID) values (112, 57, TO_DATE('11/12/2022','MM/DD/YYYY'), '7:05 AM', 7472.09, 492, 7);
insert into Spring23_S003_22_Purchases (PurchaseID, MachineID, PDate, PTime, totalCost, NoOfItems, CustID) values (113, 13, TO_DATE('3/28/2023','MM/DD/YYYY'), '9:26 AM', 1892.08, 392, 27);
insert into Spring23_S003_22_Purchases (PurchaseID, MachineID, PDate, PTime, totalCost, NoOfItems, CustID) values (114, 24, TO_DATE('3/27/2022','MM/DD/YYYY'), '5:39 PM', 1083.96, 317, 15);
insert into Spring23_S003_22_Purchases (PurchaseID, MachineID, PDate, PTime, totalCost, NoOfItems, CustID) values (115, 3, TO_DATE('4/20/2022','MM/DD/YYYY'), '10:16 AM', 7392.14, 138, 34);
insert into Spring23_S003_22_Purchases (PurchaseID, MachineID, PDate, PTime, totalCost, NoOfItems, CustID) values (116, 72, TO_DATE('11/20/2022','MM/DD/YYYY'), '3:25 PM', 5968.10, 429, 48);
insert into Spring23_S003_22_Purchases (PurchaseID, MachineID, PDate, PTime, totalCost, NoOfItems, CustID) values (117, 40, TO_DATE('8/25/2022','MM/DD/YYYY'), '3:43 AM', 4653.83, 458, 35);
insert into Spring23_S003_22_Purchases (PurchaseID, MachineID, PDate, PTime, totalCost, NoOfItems, CustID) values (118, 117, TO_DATE('3/27/2023','MM/DD/YYYY'), '2:58 PM', 3991.08, 361, 24);
insert into Spring23_S003_22_Purchases (PurchaseID, MachineID, PDate, PTime, totalCost, NoOfItems, CustID) values (119, 70, TO_DATE('1/28/2022','MM/DD/YYYY'), '9:28 PM', 6549.79, 29, 42);
insert into Spring23_S003_22_Purchases (PurchaseID, MachineID, PDate, PTime, totalCost, NoOfItems, CustID) values (120, 18, TO_DATE('3/18/2023','MM/DD/YYYY'), '2:17 AM', 5792.17, 145, 31);
insert into Spring23_S003_22_Purchases (PurchaseID, MachineID, PDate, PTime, totalCost, NoOfItems, CustID) values (121, 91, TO_DATE('3/28/2023','MM/DD/YYYY'), '10:39 AM', 8783.49, 67, 15);
insert into Spring23_S003_22_Purchases (PurchaseID, MachineID, PDate, PTime, totalCost, NoOfItems, CustID) values (122, 8, TO_DATE('10/11/2022','MM/DD/YYYY'), '6:29 AM', 4643.43, 45, 52);
insert into Spring23_S003_22_Purchases (PurchaseID, MachineID, PDate, PTime, totalCost, NoOfItems, CustID) values (123, 33, TO_DATE('9/18/2022','MM/DD/YYYY'), '6:00 AM', 6964.58, 382, 41);
insert into Spring23_S003_22_Purchases (PurchaseID, MachineID, PDate, PTime, totalCost, NoOfItems, CustID) values (124, 7, TO_DATE('4/17/2022','MM/DD/YYYY'), '10:51 AM', 9150.64, 172, 18);
insert into Spring23_S003_22_Purchases (PurchaseID, MachineID, PDate, PTime, totalCost, NoOfItems, CustID) values (125, 119, TO_DATE('3/24/2023','MM/DD/YYYY'), '11:24 PM', 2342.20, 169, 32);
insert into Spring23_S003_22_Purchases (PurchaseID, MachineID, PDate, PTime, totalCost, NoOfItems, CustID) values (126, 76, TO_DATE('8/4/2022','MM/DD/YYYY'), '3:51 AM', 7618.20, 12, 16);
insert into Spring23_S003_22_Purchases (PurchaseID, MachineID, PDate, PTime, totalCost, NoOfItems, CustID) values (127, 11, TO_DATE('10/3/2022','MM/DD/YYYY'), '12:49 PM', 1799.27, 218, 10);
insert into Spring23_S003_22_Purchases (PurchaseID, MachineID, PDate, PTime, totalCost, NoOfItems, CustID) values (128, 22, TO_DATE('3/19/2023','MM/DD/YYYY'), '11:43 AM', 6186.27, 66, 49);
insert into Spring23_S003_22_Purchases (PurchaseID, MachineID, PDate, PTime, totalCost, NoOfItems, CustID) values (129, 70, TO_DATE('6/19/2022','MM/DD/YYYY'), '11:08 AM', 9199.91, 146, 24);
insert into Spring23_S003_22_Purchases (PurchaseID, MachineID, PDate, PTime, totalCost, NoOfItems, CustID) values (130, 62, TO_DATE('3/23/2023','MM/DD/YYYY'), '10:55 PM', 9515.50, 180, 40);
insert into Spring23_S003_22_Purchases (PurchaseID, MachineID, PDate, PTime, totalCost, NoOfItems, CustID) values (131, 52, TO_DATE('6/10/2022','MM/DD/YYYY'), '6:31 PM', 279.35, 458, 50);
insert into Spring23_S003_22_Purchases (PurchaseID, MachineID, PDate, PTime, totalCost, NoOfItems, CustID) values (132, 55, TO_DATE('1/7/2022','MM/DD/YYYY'), '4:48 AM',5600.09, 242, 68);
insert into Spring23_S003_22_Purchases (PurchaseID, MachineID, PDate, PTime, totalCost, NoOfItems, CustID) values (133, 78, TO_DATE('8/25/2022','MM/DD/YYYY'), '6:47 PM', 9473.93, 140, 47);
insert into Spring23_S003_22_Purchases (PurchaseID, MachineID, PDate, PTime, totalCost, NoOfItems, CustID) values (134, 106, TO_DATE('9/29/2022','MM/DD/YYYY'), '12:13 PM', 850.06, 134, 13);
insert into Spring23_S003_22_Purchases (PurchaseID, MachineID, PDate, PTime, totalCost, NoOfItems, CustID) values (135, 85, TO_DATE('4/4/2022','MM/DD/YYYY'), '8:08 PM', 2078.31, 384, 2);
insert into Spring23_S003_22_Purchases (PurchaseID, MachineID, PDate, PTime, totalCost, NoOfItems, CustID) values (136, 40, TO_DATE('5/3/2022','MM/DD/YYYY'), '2:40 AM', 8936.36, 444, 66);
insert into Spring23_S003_22_Purchases (PurchaseID, MachineID, PDate, PTime, totalCost, NoOfItems, CustID) values (137, 2, TO_DATE('8/21/2022','MM/DD/YYYY'), '9:39 AM', 4729.59, 1, 49);
insert into Spring23_S003_22_Purchases (PurchaseID, MachineID, PDate, PTime, totalCost, NoOfItems, CustID) values (138, 86, TO_DATE('2/1/2023','MM/DD/YYYY'), '8:50 PM', 8469.77, 381, 38);
insert into Spring23_S003_22_Purchases (PurchaseID, MachineID, PDate, PTime, totalCost, NoOfItems, CustID) values (139, 43, TO_DATE('12/7/2022','MM/DD/YYYY'), '10:57 PM', 120.64, 60, 65);
insert into Spring23_S003_22_Purchases (PurchaseID, MachineID, PDate, PTime, totalCost, NoOfItems, CustID) values (140, 1, TO_DATE('3/22/2023','MM/DD/YYYY'), '2:56 PM', 2573.71, 283, 56);
insert into Spring23_S003_22_Purchases (PurchaseID, MachineID, PDate, PTime, totalCost, NoOfItems, CustID) values (141, 118,TO_DATE( '4/2/2022','MM/DD/YYYY'), '8:57 AM', 3023.27, 283, 63);
insert into Spring23_S003_22_Purchases (PurchaseID, MachineID, PDate, PTime, totalCost, NoOfItems, CustID) values (142, 68, TO_DATE('6/6/2022','MM/DD/YYYY'), '8:15 AM', 5316.02, 1, 23);
insert into Spring23_S003_22_Purchases (PurchaseID, MachineID, PDate, PTime, totalCost, NoOfItems, CustID) values (143, 17, TO_DATE('2/10/2023','MM/DD/YYYY'), '4:09 AM', 1925.02, 341, 68);
insert into Spring23_S003_22_Purchases (PurchaseID, MachineID, PDate, PTime, totalCost, NoOfItems, CustID) values (144, 61, TO_DATE('4/17/2022','MM/DD/YYYY'), '12:45 PM', 5.70, 206, 57);
insert into Spring23_S003_22_Purchases (PurchaseID, MachineID, PDate, PTime, totalCost, NoOfItems, CustID) values (145, 9, TO_DATE('3/15/2022','MM/DD/YYYY'), '9:15 PM', 2606.23, 437, 33);
insert into Spring23_S003_22_Purchases (PurchaseID, MachineID, PDate, PTime, totalCost, NoOfItems, CustID) values (146, 42, TO_DATE('3/22/2023','MM/DD/YYYY'), '3:55 PM', 2863.43, 278, 48);
insert into Spring23_S003_22_Purchases (PurchaseID, MachineID, PDate, PTime, totalCost, NoOfItems, CustID) values (147, 97, TO_DATE('2/1/2023','MM/DD/YYYY'), '1:10 PM', 9953.19, 450, 13);
insert into Spring23_S003_22_Purchases (PurchaseID, MachineID, PDate, PTime, totalCost, NoOfItems, CustID) values (148, 20, TO_DATE('1/12/2022','MM/DD/YYYY'), '2:01 PM', 6316.49, 7, 34);
insert into Spring23_S003_22_Purchases (PurchaseID, MachineID, PDate, PTime, totalCost, NoOfItems, CustID) values (149, 65, TO_DATE('4/18/2022','MM/DD/YYYY'), '8:17 PM', 974.98, 140, 66);
insert into Spring23_S003_22_Purchases (PurchaseID, MachineID, PDate, PTime, totalCost, NoOfItems, CustID) values (150, 3, TO_DATE('2/18/2022','MM/DD/YYYY'), '3:15 PM', 7294.29, 294, 3);
insert into Spring23_S003_22_Purchases (PurchaseID, MachineID, PDate, PTime, totalCost, NoOfItems, CustID) values (151, 38, TO_DATE('4/1/2022','MM/DD/YYYY'), '3:30 PM', 6151.72, 461, 22);
insert into Spring23_S003_22_Purchases (PurchaseID, MachineID, PDate, PTime, totalCost, NoOfItems, CustID) values (152, 8, TO_DATE('5/31/2022','MM/DD/YYYY'), '2:24 PM', 1052.41, 99, 35);
insert into Spring23_S003_22_Purchases (PurchaseID, MachineID, PDate, PTime, totalCost, NoOfItems, CustID) values (153, 67, TO_DATE('11/21/2022','MM/DD/YYYY'), '3:06 PM', 8855.87, 339, 3);
insert into Spring23_S003_22_Purchases (PurchaseID, MachineID, PDate, PTime, totalCost, NoOfItems, CustID) values (154, 1, TO_DATE('3/26/2022','MM/DD/YYYY'), '8:42 PM', 5938.18, 1, 54);
insert into Spring23_S003_22_Purchases (PurchaseID, MachineID, PDate, PTime, totalCost, NoOfItems, CustID) values (155, 56, TO_DATE('11/15/2022','MM/DD/YYYY'), '12:29 PM', 1816.57, 24, 64);
insert into Spring23_S003_22_Purchases (PurchaseID, MachineID, PDate, PTime, totalCost, NoOfItems, CustID) values (156, 41, TO_DATE('11/13/2022','MM/DD/YYYY'), '12:01 AM', 5985.51, 369, 23);
insert into Spring23_S003_22_Purchases (PurchaseID, MachineID, PDate, PTime, totalCost, NoOfItems, CustID) values (157, 92, TO_DATE('9/8/2022','MM/DD/YYYY'), '3:08 PM', 4134.31, 467, 57);
insert into Spring23_S003_22_Purchases (PurchaseID, MachineID, PDate, PTime, totalCost, NoOfItems, CustID) values (158, 35, TO_DATE('1/9/2023','MM/DD/YYYY'), '12:04 PM', 8052.32, 215, 44);
insert into Spring23_S003_22_Purchases (PurchaseID, MachineID, PDate, PTime, totalCost, NoOfItems, CustID) values (159, 66, TO_DATE('1/30/2022','MM/DD/YYYY'), '3:09 AM', 6170.66, 240, 26);
insert into Spring23_S003_22_Purchases (PurchaseID, MachineID, PDate, PTime, totalCost, NoOfItems, CustID) values (160, 11, TO_DATE('3/11/2023','MM/DD/YYYY'), '1:07 PM', 3068.61, 238, 44);
insert into Spring23_S003_22_Purchases (PurchaseID, MachineID, PDate, PTime, totalCost, NoOfItems, CustID) values (161, 92, TO_DATE('1/8/2022','MM/DD/YYYY'), '5:03 PM', 7974.54, 433, 39);
insert into Spring23_S003_22_Purchases (PurchaseID, MachineID, PDate, PTime, totalCost, NoOfItems, CustID) values (162, 29, TO_DATE('11/27/2022','MM/DD/YYYY'), '3:49 AM', 5964.59, 240, 22);
insert into Spring23_S003_22_Purchases (PurchaseID, MachineID, PDate, PTime, totalCost, NoOfItems, CustID) values (163, 27, TO_DATE('11/23/2022','MM/DD/YYYY'), '9:30 AM', 4830.99, 101, 41);
insert into Spring23_S003_22_Purchases (PurchaseID, MachineID, PDate, PTime, totalCost, NoOfItems, CustID) values (164, 20, TO_DATE('2/17/2022','MM/DD/YYYY'), '12:14 PM', 5019.71, 250, 23);
insert into Spring23_S003_22_Purchases (PurchaseID, MachineID, PDate, PTime, totalCost, NoOfItems, CustID) values (165, 31, TO_DATE('11/17/2022','MM/DD/YYYY'), '9:57 PM', 2739.56, 349, 61);
insert into Spring23_S003_22_Purchases (PurchaseID, MachineID, PDate, PTime, totalCost, NoOfItems, CustID) values (166, 70, TO_DATE('1/13/2022','MM/DD/YYYY'), '12:18 AM', 2768.09, 361, 59);
insert into Spring23_S003_22_Purchases (PurchaseID, MachineID, PDate, PTime, totalCost, NoOfItems, CustID) values (167, 93, TO_DATE('1/3/2023','MM/DD/YYYY'), '10:53 PM', 6759.70, 4, 60);
insert into Spring23_S003_22_Purchases (PurchaseID, MachineID, PDate, PTime, totalCost, NoOfItems, CustID) values (168, 111,TO_DATE( '7/11/2022','MM/DD/YYYY'), '8:54 AM', 7662.48, 400, 12);
insert into Spring23_S003_22_Purchases (PurchaseID, MachineID, PDate, PTime, totalCost, NoOfItems, CustID) values (169, 35, TO_DATE('2/6/2022','MM/DD/YYYY'), '8:06 AM', 3413.55, 389, 22);
insert into Spring23_S003_22_Purchases (PurchaseID, MachineID, PDate, PTime, totalCost, NoOfItems, CustID) values (170, 84, TO_DATE('3/6/2022','MM/DD/YYYY'), '12:13 AM', 8255.20, 152, 32);
insert into Spring23_S003_22_Purchases (PurchaseID, MachineID, PDate, PTime, totalCost, NoOfItems, CustID) values (171, 49, TO_DATE('11/24/2022','MM/DD/YYYY'), '11:35 AM', 3259.02, 433, 14);
insert into Spring23_S003_22_Purchases (PurchaseID, MachineID, PDate, PTime, totalCost, NoOfItems, CustID) values (172, 114,TO_DATE( '7/24/2022','MM/DD/YYYY'), '3:58 AM', 2120.80, 141, 46);
insert into Spring23_S003_22_Purchases (PurchaseID, MachineID, PDate, PTime, totalCost, NoOfItems, CustID) values (173, 18, TO_DATE('2/9/2023','MM/DD/YYYY'), '4:17 AM', 7426.22, 339, 50);
insert into Spring23_S003_22_Purchases (PurchaseID, MachineID, PDate, PTime, totalCost, NoOfItems, CustID) values (174, 65, TO_DATE('2/27/2023','MM/DD/YYYY'), '10:28 PM', 8829.43, 22, 42);
insert into Spring23_S003_22_Purchases (PurchaseID, MachineID, PDate, PTime, totalCost, NoOfItems, CustID) values (175, 38, TO_DATE('6/28/2022','MM/DD/YYYY'), '10:22 PM', 5698.93, 269, 63);
insert into Spring23_S003_22_Purchases (PurchaseID, MachineID, PDate, PTime, totalCost, NoOfItems, CustID) values (176, 109, TO_DATE('1/25/2023','MM/DD/YYYY'), '1:35 PM', 4289.50, 332, 57);
insert into Spring23_S003_22_Purchases (PurchaseID, MachineID, PDate, PTime, totalCost, NoOfItems, CustID) values (177, 103, TO_DATE('4/26/2022','MM/DD/YYYY'), '2:34 PM', 9961.61, 306, 68);
insert into Spring23_S003_22_Purchases (PurchaseID, MachineID, PDate, PTime, totalCost, NoOfItems, CustID) values (178, 92, TO_DATE('2/11/2022','MM/DD/YYYY'), '1:45 PM', 3386.37, 277, 7);
insert into Spring23_S003_22_Purchases (PurchaseID, MachineID, PDate, PTime, totalCost, NoOfItems, CustID) values (179, 98, TO_DATE('3/13/2023','MM/DD/YYYY'), '9:44 AM', 9757.69, 266, 69);
insert into Spring23_S003_22_Purchases (PurchaseID, MachineID, PDate, PTime, totalCost, NoOfItems, CustID) values (180, 72, TO_DATE('9/2/2022','MM/DD/YYYY'), '7:17 AM', 6165.54, 126, 9);
insert into Spring23_S003_22_Purchases (PurchaseID, MachineID, PDate, PTime, totalCost, NoOfItems, CustID) values (181, 76, TO_DATE('4/12/2022','MM/DD/YYYY'), '6:56 PM', 5400.40, 438, 42);
insert into Spring23_S003_22_Purchases (PurchaseID, MachineID, PDate, PTime, totalCost, NoOfItems, CustID) values (182, 98, TO_DATE('4/12/2022','MM/DD/YYYY'), '1:05 AM', 113.70, 239, 52);
insert into Spring23_S003_22_Purchases (PurchaseID, MachineID, PDate, PTime, totalCost, NoOfItems, CustID) values (183, 102, TO_DATE('4/18/2022','MM/DD/YYYY'), '1:14 PM', 2998.85, 100, 32);
insert into Spring23_S003_22_Purchases (PurchaseID, MachineID, PDate, PTime, totalCost, NoOfItems, CustID) values (184, 27, TO_DATE('1/8/2023','MM/DD/YYYY'), '6:19 PM', 9973.41, 59, 62);
insert into Spring23_S003_22_Purchases (PurchaseID, MachineID, PDate, PTime, totalCost, NoOfItems, CustID) values (185, 59, TO_DATE('8/14/2022','MM/DD/YYYY'), '1:14 AM', 2641.64, 163, 67);
insert into Spring23_S003_22_Purchases (PurchaseID, MachineID, PDate, PTime, totalCost, NoOfItems, CustID) values (186, 21, TO_DATE('12/27/2022','MM/DD/YYYY'), '1:52 PM', 1357.43, 300, 22);
insert into Spring23_S003_22_Purchases (PurchaseID, MachineID, PDate, PTime, totalCost, NoOfItems, CustID) values (187, 66, TO_DATE('2/3/2023','MM/DD/YYYY'), '6:29 PM', 8979.20, 125, 70);
insert into Spring23_S003_22_Purchases (PurchaseID, MachineID, PDate, PTime, totalCost, NoOfItems, CustID) values (188, 50, TO_DATE('12/28/2022','MM/DD/YYYY'), '12:34 PM', 5434.87, 396, 43);
insert into Spring23_S003_22_Purchases (PurchaseID, MachineID, PDate, PTime, totalCost, NoOfItems, CustID) values (189, 27, TO_DATE('2/3/2022','MM/DD/YYYY'), '9:14 PM', 8756.85, 10, 43);
insert into Spring23_S003_22_Purchases (PurchaseID, MachineID, PDate, PTime, totalCost, NoOfItems, CustID) values (190, 84, TO_DATE('4/4/2022','MM/DD/YYYY'), '7:29 AM', 5764.75, 363, 67);
insert into Spring23_S003_22_Purchases (PurchaseID, MachineID, PDate, PTime, totalCost, NoOfItems, CustID) values (191, 30, TO_DATE('10/31/2022','MM/DD/YYYY'), '8:33 PM', 4018.13, 185, 70);
insert into Spring23_S003_22_Purchases (PurchaseID, MachineID, PDate, PTime, totalCost, NoOfItems, CustID) values (192, 86, TO_DATE('6/16/2022','MM/DD/YYYY'), '1:47 AM', 9009.63, 10, 45);
insert into Spring23_S003_22_Purchases (PurchaseID, MachineID, PDate, PTime, totalCost, NoOfItems, CustID) values (193, 9, TO_DATE('2/8/2023','MM/DD/YYYY'), '1:46 AM', 9165.72, 445, 39);
insert into Spring23_S003_22_Purchases (PurchaseID, MachineID, PDate, PTime, totalCost, NoOfItems, CustID) values (194, 14, TO_DATE('11/15/2022','MM/DD/YYYY'), '9:40 PM', 5553.13, 140, 38);
insert into Spring23_S003_22_Purchases (PurchaseID, MachineID, PDate, PTime, totalCost, NoOfItems, CustID) values (195, 100, TO_DATE('6/16/2022','MM/DD/YYYY'), '4:19 AM', 9644.03, 453, 30);
insert into Spring23_S003_22_Purchases (PurchaseID, MachineID, PDate, PTime, totalCost, NoOfItems, CustID) values (196, 107, TO_DATE('11/3/2022','MM/DD/YYYY'), '3:49 PM', 9156.88, 268, 53);
insert into Spring23_S003_22_Purchases (PurchaseID, MachineID, PDate, PTime, totalCost, NoOfItems, CustID) values (197, 61, TO_DATE('5/10/2022','MM/DD/YYYY'), '6:04 AM', 4287.67, 144, 60);
insert into Spring23_S003_22_Purchases (PurchaseID, MachineID, PDate, PTime, totalCost, NoOfItems, CustID) values (198, 79, TO_DATE('2/11/2022','MM/DD/YYYY'), '9:06 PM', 7195.93, 378, 60);
insert into Spring23_S003_22_Purchases (PurchaseID, MachineID, PDate, PTime, totalCost, NoOfItems, CustID) values (199, 20, TO_DATE('10/6/2022','MM/DD/YYYY'), '12:44 PM', 5709.15, 264, 16);
insert into Spring23_S003_22_Purchases (PurchaseID, MachineID, PDate, PTime, totalCost, NoOfItems, CustID) values (200, 59,TO_DATE( '8/9/2022','MM/DD/YYYY'), '11:57 PM', 2248.75, 365, 34);
insert into Spring23_S003_22_Purchases (PurchaseID, MachineID, PDate, PTime, totalCost, NoOfItems, CustID) values (201, 93, TO_DATE('5/12/2022','MM/DD/YYYY'), '7:32 PM', 8839.90, 373, 57);
insert into Spring23_S003_22_Purchases (PurchaseID, MachineID, PDate, PTime, totalCost, NoOfItems, CustID) values (202, 80, TO_DATE('11/15/2022','MM/DD/YYYY'), '11:15 PM', 9592.78, 187, 52);
insert into Spring23_S003_22_Purchases (PurchaseID, MachineID, PDate, PTime, totalCost, NoOfItems, CustID) values (203, 69, TO_DATE('1/9/2022','MM/DD/YYYY'), '8:36 PM',7444.17, 326, 45);
insert into Spring23_S003_22_Purchases (PurchaseID, MachineID, PDate, PTime, totalCost, NoOfItems, CustID) values (204, 90, TO_DATE('3/19/2022','MM/DD/YYYY'), '3:41 AM', 2304.38, 376, 7);
insert into Spring23_S003_22_Purchases (PurchaseID, MachineID, PDate, PTime, totalCost, NoOfItems, CustID) values (205, 112, TO_DATE('6/16/2022','MM/DD/YYYY'), '11:48 AM', 4019.58, 106, 58);
insert into Spring23_S003_22_Purchases (PurchaseID, MachineID, PDate, PTime, totalCost, NoOfItems, CustID) values (206, 75, TO_DATE('2/23/2022','MM/DD/YYYY'), '11:45 AM', 8535.61, 440, 3);
insert into Spring23_S003_22_Purchases (PurchaseID, MachineID, PDate, PTime, totalCost, NoOfItems, CustID) values (207, 72, TO_DATE('4/23/2022','MM/DD/YYYY'), '8:26 PM', 9601.05, 330, 55);
insert into Spring23_S003_22_Purchases (PurchaseID, MachineID, PDate, PTime, totalCost, NoOfItems, CustID) values (208, 11, TO_DATE('4/23/2022','MM/DD/YYYY'), '7:31 AM', 4537.17, 50, 44);
insert into Spring23_S003_22_Purchases (PurchaseID, MachineID, PDate, PTime, totalCost, NoOfItems, CustID) values (209, 39, TO_DATE('6/5/2022','MM/DD/YYYY'), '10:58 AM', 7855.76, 224, 38);
insert into Spring23_S003_22_Purchases (PurchaseID, MachineID, PDate, PTime, totalCost, NoOfItems, CustID) values (210, 10, TO_DATE('10/22/2022','MM/DD/YYYY'), '9:53 AM', 885.20, 140, 50);
insert into Spring23_S003_22_Purchases (PurchaseID, MachineID, PDate, PTime, totalCost, NoOfItems, CustID) values (211, 12, TO_DATE('10/26/2022','MM/DD/YYYY'), '2:59 PM', 3539.74, 421, 61);
insert into Spring23_S003_22_Purchases (PurchaseID, MachineID, PDate, PTime, totalCost, NoOfItems, CustID) values (212, 67, TO_DATE('3/5/2023','MM/DD/YYYY'), '11:16 AM', 5317.41, 291, 7);
insert into Spring23_S003_22_Purchases (PurchaseID, MachineID, PDate, PTime, totalCost, NoOfItems, CustID) values (213, 44, TO_DATE('5/21/2022','MM/DD/YYYY'), '2:43 AM', 1829.93, 286, 44);
insert into Spring23_S003_22_Purchases (PurchaseID, MachineID, PDate, PTime, totalCost, NoOfItems, CustID) values (214, 10, TO_DATE('1/14/2023','MM/DD/YYYY'), '8:10 AM', 4950.69, 69, 7);
insert into Spring23_S003_22_Purchases (PurchaseID, MachineID, PDate, PTime, totalCost, NoOfItems, CustID) values (215, 113,TO_DATE( '3/31/2023','MM/DD/YYYY'), '2:28 AM', 6626.20, 429, 14);
insert into Spring23_S003_22_Purchases (PurchaseID, MachineID, PDate, PTime, totalCost, NoOfItems, CustID) values (216, 16, TO_DATE('5/7/2022','MM/DD/YYYY'), '5:07 AM', 8993.54, 369, 18);
insert into Spring23_S003_22_Purchases (PurchaseID, MachineID, PDate, PTime, totalCost, NoOfItems, CustID) values (217, 57, TO_DATE('10/23/2022','MM/DD/YYYY'), '10:29 PM', 551.20, 287, 56);
insert into Spring23_S003_22_Purchases (PurchaseID, MachineID, PDate, PTime, totalCost, NoOfItems, CustID) values (218, 108, TO_DATE('4/20/2022','MM/DD/YYYY'), '1:09 AM', 5147.81, 416, 69);
insert into Spring23_S003_22_Purchases (PurchaseID, MachineID, PDate, PTime, totalCost, NoOfItems, CustID) values (219, 80, TO_DATE('1/12/2023','MM/DD/YYYY'), '3:06 PM', 6804.85, 370, 67);
insert into Spring23_S003_22_Purchases (PurchaseID, MachineID, PDate, PTime, totalCost, NoOfItems, CustID) values (220, 49, TO_DATE('6/13/2022','MM/DD/YYYY'), '4:39 AM', 7584.17, 176, 11);
insert into Spring23_S003_22_Purchases (PurchaseID, MachineID, PDate, PTime, totalCost, NoOfItems, CustID) values (221, 115, TO_DATE('9/26/2022','MM/DD/YYYY'), '10:23 AM', 8525.50, 237, 40);
insert into Spring23_S003_22_Purchases (PurchaseID, MachineID, PDate, PTime, totalCost, NoOfItems, CustID) values (222, 17, TO_DATE('3/16/2022','MM/DD/YYYY'), '5:19 AM', 4148.84, 26, 24);
insert into Spring23_S003_22_Purchases (PurchaseID, MachineID, PDate, PTime, totalCost, NoOfItems, CustID) values (223, 34, TO_DATE('12/3/2022','MM/DD/YYYY'), '8:38 PM', 4317.01, 155, 22);
insert into Spring23_S003_22_Purchases (PurchaseID, MachineID, PDate, PTime, totalCost, NoOfItems, CustID) values (224, 42, TO_DATE('3/31/2023','MM/DD/YYYY'), '7:23 PM', 8121.39, 7, 58);
insert into Spring23_S003_22_Purchases (PurchaseID, MachineID, PDate, PTime, totalCost, NoOfItems, CustID) values (225, 9, TO_DATE('8/18/2022','MM/DD/YYYY'), '5:16 AM', 9510.99, 334, 12);
insert into Spring23_S003_22_Purchases (PurchaseID, MachineID, PDate, PTime, totalCost, NoOfItems, CustID) values (226, 64, TO_DATE('1/4/2023','MM/DD/YYYY'), '7:18 AM', 2899.48, 159, 60);
insert into Spring23_S003_22_Purchases (PurchaseID, MachineID, PDate, PTime, totalCost, NoOfItems, CustID) values (227, 110, TO_DATE('7/10/2022','MM/DD/YYYY'), '7:05 AM', 7946.79, 179, 14);
insert into Spring23_S003_22_Purchases (PurchaseID, MachineID, PDate, PTime, totalCost, NoOfItems, CustID) values (228, 84, TO_DATE('8/28/2022','MM/DD/YYYY'), '3:20 AM', 2371.03, 305, 26);
insert into Spring23_S003_22_Purchases (PurchaseID, MachineID, PDate, PTime, totalCost, NoOfItems, CustID) values (229, 75, TO_DATE('1/24/2023','MM/DD/YYYY'), '8:58 PM', 2460.14, 398, 61);
insert into Spring23_S003_22_Purchases (PurchaseID, MachineID, PDate, PTime, totalCost, NoOfItems, CustID) values (230, 8, TO_DATE('3/23/2023','MM/DD/YYYY'), '8:40 PM', 3387.74, 123, 53);
insert into Spring23_S003_22_Purchases (PurchaseID, MachineID, PDate, PTime, totalCost, NoOfItems, CustID) values (231, 37, TO_DATE('2/17/2022','MM/DD/YYYY'), '10:41 PM', 573.02, 364, 8);
insert into Spring23_S003_22_Purchases (PurchaseID, MachineID, PDate, PTime, totalCost, NoOfItems, CustID) values (232, 92, TO_DATE('6/11/2022','MM/DD/YYYY'), '9:03 PM', 5040.77, 256, 59);
insert into Spring23_S003_22_Purchases (PurchaseID, MachineID, PDate, PTime, totalCost, NoOfItems, CustID) values (233, 96, TO_DATE('10/22/2022','MM/DD/YYYY'), '5:19 PM', 8665.36, 467, 15);
insert into Spring23_S003_22_Purchases (PurchaseID, MachineID, PDate, PTime, totalCost, NoOfItems, CustID) values (234, 109, TO_DATE('5/23/2022','MM/DD/YYYY'), '8:38 PM', 3846.52, 416, 6);
insert into Spring23_S003_22_Purchases (PurchaseID, MachineID, PDate, PTime, totalCost, NoOfItems, CustID) values (235, 79, TO_DATE('7/28/2022','MM/DD/YYYY'), '9:31 PM', 9009.84, 231, 15);
insert into Spring23_S003_22_Purchases (PurchaseID, MachineID, PDate, PTime, totalCost, NoOfItems, CustID) values (236, 37, TO_DATE('1/15/2022','MM/DD/YYYY'), '4:15 AM', 7115.93, 462, 17);
insert into Spring23_S003_22_Purchases (PurchaseID, MachineID, PDate, PTime, totalCost, NoOfItems, CustID) values (237, 1, TO_DATE('9/4/2022','MM/DD/YYYY'), '5:10 AM', 7158.30, 166, 51);
insert into Spring23_S003_22_Purchases (PurchaseID, MachineID, PDate, PTime, totalCost, NoOfItems, CustID) values (238, 28, TO_DATE('1/5/2022','MM/DD/YYYY'), '5:41 PM', 7022.56, 194, 4);
insert into Spring23_S003_22_Purchases (PurchaseID, MachineID, PDate, PTime, totalCost, NoOfItems, CustID) values (239, 27, TO_DATE('12/21/2022','MM/DD/YYYY'), '10:25 AM', 9283.03, 401, 39);
insert into Spring23_S003_22_Purchases (PurchaseID, MachineID, PDate, PTime, totalCost, NoOfItems, CustID) values (240, 5, TO_DATE('2/15/2022','MM/DD/YYYY'), '4:07 AM', 6818.17, 63, 6);
insert into Spring23_S003_22_Purchases (PurchaseID, MachineID, PDate, PTime, totalCost, NoOfItems, CustID) values (241, 90, TO_DATE('1/7/2023','MM/DD/YYYY'), '3:10 PM', 7084.07, 14, 17);
insert into Spring23_S003_22_Purchases (PurchaseID, MachineID, PDate, PTime, totalCost, NoOfItems, CustID) values (242, 44, TO_DATE('11/19/2022','MM/DD/YYYY'), '1:39 AM', 9738.09, 201, 47);
insert into Spring23_S003_22_Purchases (PurchaseID, MachineID, PDate, PTime, totalCost, NoOfItems, CustID) values (243, 63, TO_DATE('4/20/2022','MM/DD/YYYY'), '3:44 AM', 4545.98, 300, 39);
insert into Spring23_S003_22_Purchases (PurchaseID, MachineID, PDate, PTime, totalCost, NoOfItems, CustID) values (244, 66, TO_DATE('11/19/2022','MM/DD/YYYY'), '3:28 AM', 6234.20, 218, 67);
insert into Spring23_S003_22_Purchases (PurchaseID, MachineID, PDate, PTime, totalCost, NoOfItems, CustID) values (245, 72, TO_DATE('10/30/2022','MM/DD/YYYY'), '4:59 PM', 5728.57, 153, 24);
insert into Spring23_S003_22_Purchases (PurchaseID, MachineID, PDate, PTime, totalCost, NoOfItems, CustID) values (246, 115, TO_DATE('5/15/2022','MM/DD/YYYY'), '12:25 AM',8992.25, 293, 8);
insert into Spring23_S003_22_Purchases (PurchaseID, MachineID, PDate, PTime, totalCost, NoOfItems, CustID) values (247, 55, TO_DATE('3/12/2023','MM/DD/YYYY'), '9:16 PM', 8198.86, 454, 40);
insert into Spring23_S003_22_Purchases (PurchaseID, MachineID, PDate, PTime, totalCost, NoOfItems, CustID) values (248, 110, TO_DATE('3/6/2022','MM/DD/YYYY'), '2:36 PM', 3294.08, 284, 8);
insert into Spring23_S003_22_Purchases (PurchaseID, MachineID, PDate, PTime, totalCost, NoOfItems, CustID) values (249, 28, TO_DATE('2/7/2023','MM/DD/YYYY'), '6:03 AM', 2218.78, 346, 52);
insert into Spring23_S003_22_Purchases (PurchaseID, MachineID, PDate, PTime, totalCost, NoOfItems, CustID) values (250, 28, TO_DATE('2/19/2023','MM/DD/YYYY'), '7:03 AM', 6692.57, 268, 54);
insert into Spring23_S003_22_Purchases (PurchaseID, MachineID, PDate, PTime, totalCost, NoOfItems, CustID) values (251, 60, TO_DATE('4/20/2022','MM/DD/YYYY'), '7:02 AM', 715.95, 455, 28);
insert into Spring23_S003_22_Purchases (PurchaseID, MachineID, PDate, PTime, totalCost, NoOfItems, CustID) values (252, 77, TO_DATE('2/21/2023','MM/DD/YYYY'), '4:11 AM', 5848.73, 182, 18);
insert into Spring23_S003_22_Purchases (PurchaseID, MachineID, PDate, PTime, totalCost, NoOfItems, CustID) values (253, 87, TO_DATE('12/17/2022','MM/DD/YYYY'), '5:26 AM', 9569.92, 352, 48);
insert into Spring23_S003_22_Purchases (PurchaseID, MachineID, PDate, PTime, totalCost, NoOfItems, CustID) values (254, 21, TO_DATE('7/5/2022','MM/DD/YYYY'), '9:51 PM', 9051.67, 158, 68);
insert into Spring23_S003_22_Purchases (PurchaseID, MachineID, PDate, PTime, totalCost, NoOfItems, CustID) values (255, 103, TO_DATE('7/16/2022','MM/DD/YYYY'), '12:02 PM',6906.72, 491, 16);
insert into Spring23_S003_22_Purchases (PurchaseID, MachineID, PDate, PTime, totalCost, NoOfItems, CustID) values (256, 72, TO_DATE('3/14/2022','MM/DD/YYYY'), '9:44 PM', 7059.05, 32, 29);
insert into Spring23_S003_22_Purchases (PurchaseID, MachineID, PDate, PTime, totalCost, NoOfItems, CustID) values (257, 89, TO_DATE('1/17/2023','MM/DD/YYYY'), '11:29 PM', 2427.04, 479, 23);
insert into Spring23_S003_22_Purchases (PurchaseID, MachineID, PDate, PTime, totalCost, NoOfItems, CustID) values (258, 68, TO_DATE('2/1/2023','MM/DD/YYYY'), '10:41 PM', 2379.19, 292, 18);
insert into Spring23_S003_22_Purchases (PurchaseID, MachineID, PDate, PTime, totalCost, NoOfItems, CustID) values (259, 15, TO_DATE('5/21/2022','MM/DD/YYYY'), '7:52 PM', 9486.02, 383, 52);
insert into Spring23_S003_22_Purchases (PurchaseID, MachineID, PDate, PTime, totalCost, NoOfItems, CustID) values (260, 76, TO_DATE('6/23/2022','MM/DD/YYYY'), '1:51 PM', 3244.01, 189, 66);
insert into Spring23_S003_22_Purchases (PurchaseID, MachineID, PDate, PTime, totalCost, NoOfItems, CustID) values (261, 92, TO_DATE('3/7/2023','MM/DD/YYYY'), '11:26 PM', 5899.38, 144, 38);
insert into Spring23_S003_22_Purchases (PurchaseID, MachineID, PDate, PTime, totalCost, NoOfItems, CustID) values (262, 115, TO_DATE('2/2/2022','MM/DD/YYYY'), '10:58 AM', 453.36, 461, 69);
insert into Spring23_S003_22_Purchases (PurchaseID, MachineID, PDate, PTime, totalCost, NoOfItems, CustID) values (263, 79, TO_DATE('8/13/2022','MM/DD/YYYY'), '11:46 AM', 5458.27, 298, 43);
insert into Spring23_S003_22_Purchases (PurchaseID, MachineID, PDate, PTime, totalCost, NoOfItems, CustID) values (264, 93, TO_DATE('8/14/2022','MM/DD/YYYY'), '9:32 AM', 7180.92, 325, 30);
insert into Spring23_S003_22_Purchases (PurchaseID, MachineID, PDate, PTime, totalCost, NoOfItems, CustID) values (265, 15, TO_DATE('6/29/2022','MM/DD/YYYY'), '10:54 AM', 9170.66, 134, 6);
insert into Spring23_S003_22_Purchases (PurchaseID, MachineID, PDate, PTime, totalCost, NoOfItems, CustID) values (266, 56, TO_DATE('1/26/2023','MM/DD/YYYY'), '1:04 PM', 9141.50, 374, 31);
insert into Spring23_S003_22_Purchases (PurchaseID, MachineID, PDate, PTime, totalCost, NoOfItems, CustID) values (267, 61, TO_DATE('2/19/2022','MM/DD/YYYY'), '1:33 PM', 7899.09, 424, 19);
insert into Spring23_S003_22_Purchases (PurchaseID, MachineID, PDate, PTime, totalCost, NoOfItems, CustID) values (268, 41, TO_DATE('3/2/2022','MM/DD/YYYY'), '1:14 AM', 4919.28, 407, 8);
insert into Spring23_S003_22_Purchases (PurchaseID, MachineID, PDate, PTime, totalCost, NoOfItems, CustID) values (269, 12, TO_DATE('8/7/2022','MM/DD/YYYY'), '11:25 PM', 1081.38, 46, 64);
insert into Spring23_S003_22_Purchases (PurchaseID, MachineID, PDate, PTime, totalCost, NoOfItems, CustID) values (270, 75, TO_DATE('10/27/2022','MM/DD/YYYY'), '2:11 AM', 5184.97, 427, 4);
insert into Spring23_S003_22_Purchases (PurchaseID, MachineID, PDate, PTime, totalCost, NoOfItems, CustID) values (271, 8, TO_DATE('2/12/2022','MM/DD/YYYY'), '12:15 AM', 2761.46, 349, 61);
insert into Spring23_S003_22_Purchases (PurchaseID, MachineID, PDate, PTime, totalCost, NoOfItems, CustID) values (272, 108, TO_DATE('7/23/2022','MM/DD/YYYY'), '10:26 PM', 4083.21, 110, 34);
insert into Spring23_S003_22_Purchases (PurchaseID, MachineID, PDate, PTime, totalCost, NoOfItems, CustID) values (273, 60, TO_DATE('11/2/2022','MM/DD/YYYY'), '4:32 PM', 9140.81, 253, 34);
insert into Spring23_S003_22_Purchases (PurchaseID, MachineID, PDate, PTime, totalCost, NoOfItems, CustID) values (274, 83, TO_DATE('9/9/2022','MM/DD/YYYY'), '8:18 AM', 2308.22, 38, 41);
insert into Spring23_S003_22_Purchases (PurchaseID, MachineID, PDate, PTime, totalCost, NoOfItems, CustID) values (275, 77, TO_DATE('3/31/2022','MM/DD/YYYY'), '8:57 AM', 4555.61, 14, 8);
insert into Spring23_S003_22_Purchases (PurchaseID, MachineID, PDate, PTime, totalCost, NoOfItems, CustID) values (276, 43, TO_DATE('3/23/2022','MM/DD/YYYY'), '11:35 PM', 5263.23, 366, 70);
insert into Spring23_S003_22_Purchases (PurchaseID, MachineID, PDate, PTime, totalCost, NoOfItems, CustID) values (277, 90, TO_DATE('4/3/2022','MM/DD/YYYY'), '10:22 PM', 7229.90, 273, 17);
insert into Spring23_S003_22_Purchases (PurchaseID, MachineID, PDate, PTime, totalCost, NoOfItems, CustID) values (278, 62, TO_DATE('12/14/2022','MM/DD/YYYY'), '8:24 PM', 4155.11, 147, 1);
insert into Spring23_S003_22_Purchases (PurchaseID, MachineID, PDate, PTime, totalCost, NoOfItems, CustID) values (279, 43, TO_DATE('6/23/2022','MM/DD/YYYY'), '11:59 AM', 8925.28, 444, 40);
insert into Spring23_S003_22_Purchases (PurchaseID, MachineID, PDate, PTime, totalCost, NoOfItems, CustID) values (280, 71, TO_DATE('6/14/2022','MM/DD/YYYY'), '12:30 PM', 1953.89, 109, 57);
insert into Spring23_S003_22_Purchases (PurchaseID, MachineID, PDate, PTime, totalCost, NoOfItems, CustID) values (281, 104, TO_DATE('3/29/2022','MM/DD/YYYY'), '4:05 PM', 1760.59, 262, 63);
insert into Spring23_S003_22_Purchases (PurchaseID, MachineID, PDate, PTime, totalCost, NoOfItems, CustID) values (282, 59, TO_DATE('5/13/2022','MM/DD/YYYY'), '3:40 AM', 4851.42, 47, 68);
insert into Spring23_S003_22_Purchases (PurchaseID, MachineID, PDate, PTime, totalCost, NoOfItems, CustID) values (283, 107, TO_DATE('1/28/2023','MM/DD/YYYY'), '8:58 AM', 7691.71, 432, 70);
insert into Spring23_S003_22_Purchases (PurchaseID, MachineID, PDate, PTime, totalCost, NoOfItems, CustID) values (284, 14, TO_DATE('4/5/2022','MM/DD/YYYY'), '9:22 AM', 3883.27, 291, 65);
insert into Spring23_S003_22_Purchases (PurchaseID, MachineID, PDate, PTime, totalCost, NoOfItems, CustID) values (285, 12, TO_DATE('5/17/2022','MM/DD/YYYY'), '6:17 AM', 7270.77, 320, 6);
insert into Spring23_S003_22_Purchases (PurchaseID, MachineID, PDate, PTime, totalCost, NoOfItems, CustID) values (286, 50, TO_DATE('2/14/2022','MM/DD/YYYY'), '11:27 PM', 8294.54, 320, 68);
insert into Spring23_S003_22_Purchases (PurchaseID, MachineID, PDate, PTime, totalCost, NoOfItems, CustID) values (287, 119, TO_DATE('6/16/2022','MM/DD/YYYY'), '3:23 AM', 3909.91, 345, 65);
insert into Spring23_S003_22_Purchases (PurchaseID, MachineID, PDate, PTime, totalCost, NoOfItems, CustID) values (288, 111, TO_DATE('1/13/2022','MM/DD/YYYY'), '2:32 AM', 3605.80, 347, 69);
insert into Spring23_S003_22_Purchases (PurchaseID, MachineID, PDate, PTime, totalCost, NoOfItems, CustID) values (289, 63, TO_DATE('2/15/2022','MM/DD/YYYY'), '7:05 PM',4444.34, 91, 19);
insert into Spring23_S003_22_Purchases (PurchaseID, MachineID, PDate, PTime, totalCost, NoOfItems, CustID) values (290, 113, TO_DATE('10/8/2022','MM/DD/YYYY'), '5:14 AM', 4417.08, 167, 22);
insert into Spring23_S003_22_Purchases (PurchaseID, MachineID, PDate, PTime, totalCost, NoOfItems, CustID) values (291, 40, TO_DATE('2/27/2023','MM/DD/YYYY'), '1:18 AM', 2382.72, 241, 44);
insert into Spring23_S003_22_Purchases (PurchaseID, MachineID, PDate, PTime, totalCost, NoOfItems, CustID) values (292, 32, TO_DATE('2/22/2023','MM/DD/YYYY'), '5:47 PM', 9388.92, 280, 30);
insert into Spring23_S003_22_Purchases (PurchaseID, MachineID, PDate, PTime, totalCost, NoOfItems, CustID) values (293, 57, TO_DATE('7/9/2022','MM/DD/YYYY'), '9:37 PM', 6157.50, 386, 30);
insert into Spring23_S003_22_Purchases (PurchaseID, MachineID, PDate, PTime, totalCost, NoOfItems, CustID) values (294, 96, TO_DATE('5/8/2022','MM/DD/YYYY'), '11:21 AM', 8511.70, 56, 64);
insert into Spring23_S003_22_Purchases (PurchaseID, MachineID, PDate, PTime, totalCost, NoOfItems, CustID) values (295, 102, TO_DATE('10/9/2022','MM/DD/YYYY'), '11:39 AM', 5024.39, 459, 16);
insert into Spring23_S003_22_Purchases (PurchaseID, MachineID, PDate, PTime, totalCost, NoOfItems, CustID) values (296, 117, TO_DATE('10/14/2022','MM/DD/YYYY'), '9:49 AM', 8542.96, 134, 28);
insert into Spring23_S003_22_Purchases (PurchaseID, MachineID, PDate, PTime, totalCost, NoOfItems, CustID) values (297, 56, TO_DATE('2/13/2023','MM/DD/YYYY'), '12:54 AM', 6621.10, 280, 20);
insert into Spring23_S003_22_Purchases (PurchaseID, MachineID, PDate, PTime, totalCost, NoOfItems, CustID) values (298, 13, TO_DATE('4/30/2022','MM/DD/YYYY'), '6:16 PM', 1191.89, 159, 43);
insert into Spring23_S003_22_Purchases (PurchaseID, MachineID, PDate, PTime, totalCost, NoOfItems, CustID) values (299, 51, TO_DATE('10/14/2022','MM/DD/YYYY'), '10:56 AM', 5404.99, 353, 13);
insert into Spring23_S003_22_Purchases (PurchaseID, MachineID, PDate, PTime, totalCost, NoOfItems, CustID) values (300, 49, TO_DATE('6/9/2022','MM/DD/YYYY'), '3:44 PM', 71.77, 319, 63);



-------------------------------------------Inserting Values into Spring23_S003_22_Purchases_Category Relation--------------------------

insert into Spring23_S003_22_Purchases_Category (PurchaseID, CatID) values (195, 8);
insert into Spring23_S003_22_Purchases_Category (PurchaseID, CatID) values (266, 4);
insert into Spring23_S003_22_Purchases_Category (PurchaseID, CatID) values (267, 2);
insert into Spring23_S003_22_Purchases_Category (PurchaseID, CatID) values (219, 11);
insert into Spring23_S003_22_Purchases_Category (PurchaseID, CatID) values (25, 11);
insert into Spring23_S003_22_Purchases_Category (PurchaseID, CatID) values (79, 7);
insert into Spring23_S003_22_Purchases_Category (PurchaseID, CatID) values (231, 6);
insert into Spring23_S003_22_Purchases_Category (PurchaseID, CatID) values (134, 4);
insert into Spring23_S003_22_Purchases_Category (PurchaseID, CatID) values (184, 13);
insert into Spring23_S003_22_Purchases_Category (PurchaseID, CatID) values (222, 12);
insert into Spring23_S003_22_Purchases_Category (PurchaseID, CatID) values (178, 11);
insert into Spring23_S003_22_Purchases_Category (PurchaseID, CatID) values (284, 10);
insert into Spring23_S003_22_Purchases_Category (PurchaseID, CatID) values (244, 12);
insert into Spring23_S003_22_Purchases_Category (PurchaseID, CatID) values (25, 1);
insert into Spring23_S003_22_Purchases_Category (PurchaseID, CatID) values (256, 19);
insert into Spring23_S003_22_Purchases_Category (PurchaseID, CatID) values (7, 15);
insert into Spring23_S003_22_Purchases_Category (PurchaseID, CatID) values (268, 3);
insert into Spring23_S003_22_Purchases_Category (PurchaseID, CatID) values (107, 9);
insert into Spring23_S003_22_Purchases_Category (PurchaseID, CatID) values (167, 7);
insert into Spring23_S003_22_Purchases_Category (PurchaseID, CatID) values (72, 7);
insert into Spring23_S003_22_Purchases_Category (PurchaseID, CatID) values (193, 4);
insert into Spring23_S003_22_Purchases_Category (PurchaseID, CatID) values (235, 7);
insert into Spring23_S003_22_Purchases_Category (PurchaseID, CatID) values (19, 13);
insert into Spring23_S003_22_Purchases_Category (PurchaseID, CatID) values (144, 17);
insert into Spring23_S003_22_Purchases_Category (PurchaseID, CatID) values (32, 3);
insert into Spring23_S003_22_Purchases_Category (PurchaseID, CatID) values (213, 12);
insert into Spring23_S003_22_Purchases_Category (PurchaseID, CatID) values (169, 11);
insert into Spring23_S003_22_Purchases_Category (PurchaseID, CatID) values (170, 12);
insert into Spring23_S003_22_Purchases_Category (PurchaseID, CatID) values (133, 7);
insert into Spring23_S003_22_Purchases_Category (PurchaseID, CatID) values (149, 7);
insert into Spring23_S003_22_Purchases_Category (PurchaseID, CatID) values (224, 5);
insert into Spring23_S003_22_Purchases_Category (PurchaseID, CatID) values (125, 12);
insert into Spring23_S003_22_Purchases_Category (PurchaseID, CatID) values (237, 11);
insert into Spring23_S003_22_Purchases_Category (PurchaseID, CatID) values (59, 5);
insert into Spring23_S003_22_Purchases_Category (PurchaseID, CatID) values (264, 9);
insert into Spring23_S003_22_Purchases_Category (PurchaseID, CatID) values (7, 20);
insert into Spring23_S003_22_Purchases_Category (PurchaseID, CatID) values (91, 3);
insert into Spring23_S003_22_Purchases_Category (PurchaseID, CatID) values (82, 14);
insert into Spring23_S003_22_Purchases_Category (PurchaseID, CatID) values (214, 6);
insert into Spring23_S003_22_Purchases_Category (PurchaseID, CatID) values (127, 4);
insert into Spring23_S003_22_Purchases_Category (PurchaseID, CatID) values (38, 16);
insert into Spring23_S003_22_Purchases_Category (PurchaseID, CatID) values (193, 14);
insert into Spring23_S003_22_Purchases_Category (PurchaseID, CatID) values (67, 19);
insert into Spring23_S003_22_Purchases_Category (PurchaseID, CatID) values (96, 15);
insert into Spring23_S003_22_Purchases_Category (PurchaseID, CatID) values (283, 2);
insert into Spring23_S003_22_Purchases_Category (PurchaseID, CatID) values (108, 8);
insert into Spring23_S003_22_Purchases_Category (PurchaseID, CatID) values (236, 6);
insert into Spring23_S003_22_Purchases_Category (PurchaseID, CatID) values (18, 13);
insert into Spring23_S003_22_Purchases_Category (PurchaseID, CatID) values (142, 13);
insert into Spring23_S003_22_Purchases_Category (PurchaseID, CatID) values (170, 14);
insert into Spring23_S003_22_Purchases_Category (PurchaseID, CatID) values (293, 11);
insert into Spring23_S003_22_Purchases_Category (PurchaseID, CatID) values (37, 10);
insert into Spring23_S003_22_Purchases_Category (PurchaseID, CatID) values (192, 14);
insert into Spring23_S003_22_Purchases_Category (PurchaseID, CatID) values (113, 6);
insert into Spring23_S003_22_Purchases_Category (PurchaseID, CatID) values (264, 17);
insert into Spring23_S003_22_Purchases_Category (PurchaseID, CatID) values (92, 20);
insert into Spring23_S003_22_Purchases_Category (PurchaseID, CatID) values (267, 20);
insert into Spring23_S003_22_Purchases_Category (PurchaseID, CatID) values (175, 4);
insert into Spring23_S003_22_Purchases_Category (PurchaseID, CatID) values (159, 12);
insert into Spring23_S003_22_Purchases_Category (PurchaseID, CatID) values (237, 7);
insert into Spring23_S003_22_Purchases_Category (PurchaseID, CatID) values (128, 10);
insert into Spring23_S003_22_Purchases_Category (PurchaseID, CatID) values (283, 8);
insert into Spring23_S003_22_Purchases_Category (PurchaseID, CatID) values (279, 20);
insert into Spring23_S003_22_Purchases_Category (PurchaseID, CatID) values (212, 19);
insert into Spring23_S003_22_Purchases_Category (PurchaseID, CatID) values (78, 8);
insert into Spring23_S003_22_Purchases_Category (PurchaseID, CatID) values (268, 19);
insert into Spring23_S003_22_Purchases_Category (PurchaseID, CatID) values (188, 13);
insert into Spring23_S003_22_Purchases_Category (PurchaseID, CatID) values (43, 3);
insert into Spring23_S003_22_Purchases_Category (PurchaseID, CatID) values (55, 13);
insert into Spring23_S003_22_Purchases_Category (PurchaseID, CatID) values (244, 19);
insert into Spring23_S003_22_Purchases_Category (PurchaseID, CatID) values (237, 8);
insert into Spring23_S003_22_Purchases_Category (PurchaseID, CatID) values (48, 2);
insert into Spring23_S003_22_Purchases_Category (PurchaseID, CatID) values (204, 19);
insert into Spring23_S003_22_Purchases_Category (PurchaseID, CatID) values (116, 3);
insert into Spring23_S003_22_Purchases_Category (PurchaseID, CatID) values (234, 3);
insert into Spring23_S003_22_Purchases_Category (PurchaseID, CatID) values (94, 7);
insert into Spring23_S003_22_Purchases_Category (PurchaseID, CatID) values (44, 3);
insert into Spring23_S003_22_Purchases_Category (PurchaseID, CatID) values (176, 1);
insert into Spring23_S003_22_Purchases_Category (PurchaseID, CatID) values (14, 16);
insert into Spring23_S003_22_Purchases_Category (PurchaseID, CatID) values (265, 5);
insert into Spring23_S003_22_Purchases_Category (PurchaseID, CatID) values (184, 16);
insert into Spring23_S003_22_Purchases_Category (PurchaseID, CatID) values (125, 19);
insert into Spring23_S003_22_Purchases_Category (PurchaseID, CatID) values (188, 6);
insert into Spring23_S003_22_Purchases_Category (PurchaseID, CatID) values (89, 13);
insert into Spring23_S003_22_Purchases_Category (PurchaseID, CatID) values (119, 14);
insert into Spring23_S003_22_Purchases_Category (PurchaseID, CatID) values (58, 20);
insert into Spring23_S003_22_Purchases_Category (PurchaseID, CatID) values (60, 17);
insert into Spring23_S003_22_Purchases_Category (PurchaseID, CatID) values (195, 7);
insert into Spring23_S003_22_Purchases_Category (PurchaseID, CatID) values (253, 4);
insert into Spring23_S003_22_Purchases_Category (PurchaseID, CatID) values (299, 10);
insert into Spring23_S003_22_Purchases_Category (PurchaseID, CatID) values (57, 6);
insert into Spring23_S003_22_Purchases_Category (PurchaseID, CatID) values (37, 1);
insert into Spring23_S003_22_Purchases_Category (PurchaseID, CatID) values (183, 12);
insert into Spring23_S003_22_Purchases_Category (PurchaseID, CatID) values (194, 20);
insert into Spring23_S003_22_Purchases_Category (PurchaseID, CatID) values (19, 12);
insert into Spring23_S003_22_Purchases_Category (PurchaseID, CatID) values (191, 18);
insert into Spring23_S003_22_Purchases_Category (PurchaseID, CatID) values (270, 13);
insert into Spring23_S003_22_Purchases_Category (PurchaseID, CatID) values (175, 16);
insert into Spring23_S003_22_Purchases_Category (PurchaseID, CatID) values (286, 19);
insert into Spring23_S003_22_Purchases_Category (PurchaseID, CatID) values (227, 17);
insert into Spring23_S003_22_Purchases_Category (PurchaseID, CatID) values (191, 7);
insert into Spring23_S003_22_Purchases_Category (PurchaseID, CatID) values (70, 19);
insert into Spring23_S003_22_Purchases_Category (PurchaseID, CatID) values (1, 2);
insert into Spring23_S003_22_Purchases_Category (PurchaseID, CatID) values (249, 10);
insert into Spring23_S003_22_Purchases_Category (PurchaseID, CatID) values (13, 8);
insert into Spring23_S003_22_Purchases_Category (PurchaseID, CatID) values (252, 15);
insert into Spring23_S003_22_Purchases_Category (PurchaseID, CatID) values (206, 3);
insert into Spring23_S003_22_Purchases_Category (PurchaseID, CatID) values (60, 20);
insert into Spring23_S003_22_Purchases_Category (PurchaseID, CatID) values (2, 5);
insert into Spring23_S003_22_Purchases_Category (PurchaseID, CatID) values (204, 7);
insert into Spring23_S003_22_Purchases_Category (PurchaseID, CatID) values (267, 12);
insert into Spring23_S003_22_Purchases_Category (PurchaseID, CatID) values (264, 19);
insert into Spring23_S003_22_Purchases_Category (PurchaseID, CatID) values (148, 12);
insert into Spring23_S003_22_Purchases_Category (PurchaseID, CatID) values (212, 10);
insert into Spring23_S003_22_Purchases_Category (PurchaseID, CatID) values (300, 11);
insert into Spring23_S003_22_Purchases_Category (PurchaseID, CatID) values (150, 13);
insert into Spring23_S003_22_Purchases_Category (PurchaseID, CatID) values (187, 11);
insert into Spring23_S003_22_Purchases_Category (PurchaseID, CatID) values (185, 11);
insert into Spring23_S003_22_Purchases_Category (PurchaseID, CatID) values (258, 14);
insert into Spring23_S003_22_Purchases_Category (PurchaseID, CatID) values (256, 3);
insert into Spring23_S003_22_Purchases_Category (PurchaseID, CatID) values (164, 3);
insert into Spring23_S003_22_Purchases_Category (PurchaseID, CatID) values (10, 4);
insert into Spring23_S003_22_Purchases_Category (PurchaseID, CatID) values (207, 15);
insert into Spring23_S003_22_Purchases_Category (PurchaseID, CatID) values (89, 3);
insert into Spring23_S003_22_Purchases_Category (PurchaseID, CatID) values (169, 5);
insert into Spring23_S003_22_Purchases_Category (PurchaseID, CatID) values (84, 5);
insert into Spring23_S003_22_Purchases_Category (PurchaseID, CatID) values (200, 20);
insert into Spring23_S003_22_Purchases_Category (PurchaseID, CatID) values (5, 1);
insert into Spring23_S003_22_Purchases_Category (PurchaseID, CatID) values (224, 20);
insert into Spring23_S003_22_Purchases_Category (PurchaseID, CatID) values (88, 4);
insert into Spring23_S003_22_Purchases_Category (PurchaseID, CatID) values (14, 15);
insert into Spring23_S003_22_Purchases_Category (PurchaseID, CatID) values (100, 17);
insert into Spring23_S003_22_Purchases_Category (PurchaseID, CatID) values (273, 8);
insert into Spring23_S003_22_Purchases_Category (PurchaseID, CatID) values (42, 16);
insert into Spring23_S003_22_Purchases_Category (PurchaseID, CatID) values (14, 20);
insert into Spring23_S003_22_Purchases_Category (PurchaseID, CatID) values (138, 1);
insert into Spring23_S003_22_Purchases_Category (PurchaseID, CatID) values (199, 20);
insert into Spring23_S003_22_Purchases_Category (PurchaseID, CatID) values (157, 20);
insert into Spring23_S003_22_Purchases_Category (PurchaseID, CatID) values (71, 20);
insert into Spring23_S003_22_Purchases_Category (PurchaseID, CatID) values (34, 5);
insert into Spring23_S003_22_Purchases_Category (PurchaseID, CatID) values (197, 6);
insert into Spring23_S003_22_Purchases_Category (PurchaseID, CatID) values (203, 14);
insert into Spring23_S003_22_Purchases_Category (PurchaseID, CatID) values (288, 12);
insert into Spring23_S003_22_Purchases_Category (PurchaseID, CatID) values (128, 3);
insert into Spring23_S003_22_Purchases_Category (PurchaseID, CatID) values (210, 11);
insert into Spring23_S003_22_Purchases_Category (PurchaseID, CatID) values (282, 3);
insert into Spring23_S003_22_Purchases_Category (PurchaseID, CatID) values (126, 5);
insert into Spring23_S003_22_Purchases_Category (PurchaseID, CatID) values (239, 14);
insert into Spring23_S003_22_Purchases_Category (PurchaseID, CatID) values (298, 2);
insert into Spring23_S003_22_Purchases_Category (PurchaseID, CatID) values (202, 17);



-------------------------------------------Inserting Values into Spring23_S003_22_Buys_b_Info Relation--------------------------

insert into Spring23_S003_22_Buys_b_Info (CustID, PdtID, BIDate, Quantity) values (60, 47, TO_DATE('8/22/2022','MM/DD/YYYY'), 828);
insert into Spring23_S003_22_Buys_b_Info (CustID, PdtID, BIDate, Quantity) values (46, 55, TO_DATE('3/18/2022','MM/DD/YYYY'), 194);
insert into Spring23_S003_22_Buys_b_Info (CustID, PdtID, BIDate, Quantity) values (27, 21, TO_DATE('8/3/2022','MM/DD/YYYY'), 134);
insert into Spring23_S003_22_Buys_b_Info (CustID, PdtID, BIDate, Quantity) values (15, 105, TO_DATE('11/27/2022','MM/DD/YYYY'), 404);
insert into Spring23_S003_22_Buys_b_Info (CustID, PdtID, BIDate, Quantity) values (15, 101, TO_DATE('1/9/2023','MM/DD/YYYY'), 939);
insert into Spring23_S003_22_Buys_b_Info (CustID, PdtID, BIDate, Quantity) values (46, 6, TO_DATE('7/18/2022','MM/DD/YYYY'), 51);
insert into Spring23_S003_22_Buys_b_Info (CustID, PdtID, BIDate, Quantity) values (55, 93, TO_DATE('5/1/2022','MM/DD/YYYY'), 892);
insert into Spring23_S003_22_Buys_b_Info (CustID, PdtID, BIDate, Quantity) values (60, 58, TO_DATE('6/14/2022','MM/DD/YYYY'), 264);
insert into Spring23_S003_22_Buys_b_Info (CustID, PdtID, BIDate, Quantity) values (20, 113, TO_DATE('4/5/2022','MM/DD/YYYY'), 631);
insert into Spring23_S003_22_Buys_b_Info (CustID, PdtID, BIDate, Quantity) values (8, 30, TO_DATE('2/8/2022','MM/DD/YYYY'), 601);
insert into Spring23_S003_22_Buys_b_Info (CustID, PdtID, BIDate, Quantity) values (36, 40, TO_DATE('9/24/2022','MM/DD/YYYY'), 177);
insert into Spring23_S003_22_Buys_b_Info (CustID, PdtID, BIDate, Quantity) values (32, 33, TO_DATE('6/27/2022','MM/DD/YYYY'), 98);
insert into Spring23_S003_22_Buys_b_Info (CustID, PdtID, BIDate, Quantity) values (35, 87, TO_DATE('12/13/2022','MM/DD/YYYY'), 218);
insert into Spring23_S003_22_Buys_b_Info (CustID, PdtID, BIDate, Quantity) values (44, 109, TO_DATE('4/10/2022','MM/DD/YYYY'), 587);
insert into Spring23_S003_22_Buys_b_Info (CustID, PdtID, BIDate, Quantity) values (56, 52, TO_DATE('6/11/2022','MM/DD/YYYY'), 606);
insert into Spring23_S003_22_Buys_b_Info (CustID, PdtID, BIDate, Quantity) values (21, 87, TO_DATE('1/23/2022','MM/DD/YYYY'), 562);
insert into Spring23_S003_22_Buys_b_Info (CustID, PdtID, BIDate, Quantity) values (23, 38, TO_DATE('6/23/2022','MM/DD/YYYY'), 518);
insert into Spring23_S003_22_Buys_b_Info (CustID, PdtID, BIDate, Quantity) values (68, 99, TO_DATE('4/24/2022','MM/DD/YYYY'), 879);
insert into Spring23_S003_22_Buys_b_Info (CustID, PdtID, BIDate, Quantity) values (66, 70, TO_DATE('9/3/2022','MM/DD/YYYY'), 852);
insert into Spring23_S003_22_Buys_b_Info (CustID, PdtID, BIDate, Quantity) values (50, 120, TO_DATE('4/15/2022','MM/DD/YYYY'), 751);
insert into Spring23_S003_22_Buys_b_Info (CustID, PdtID, BIDate, Quantity) values (43, 74, TO_DATE('3/14/2023','MM/DD/YYYY'), 883);
insert into Spring23_S003_22_Buys_b_Info (CustID, PdtID, BIDate, Quantity) values (40, 54, TO_DATE('2/9/2023','MM/DD/YYYY'), 315);
insert into Spring23_S003_22_Buys_b_Info (CustID, PdtID, BIDate, Quantity) values (61, 117, TO_DATE('3/4/2022','MM/DD/YYYY'), 705);
insert into Spring23_S003_22_Buys_b_Info (CustID, PdtID, BIDate, Quantity) values (56, 102, TO_DATE('7/7/2022','MM/DD/YYYY'), 840);
insert into Spring23_S003_22_Buys_b_Info (CustID, PdtID, BIDate, Quantity) values (62, 66, TO_DATE('9/6/2022','MM/DD/YYYY'), 58);
insert into Spring23_S003_22_Buys_b_Info (CustID, PdtID, BIDate, Quantity) values (14, 46, TO_DATE('9/24/2022','MM/DD/YYYY'), 11);
insert into Spring23_S003_22_Buys_b_Info (CustID, PdtID, BIDate, Quantity) values (11, 84, TO_DATE('3/12/2023','MM/DD/YYYY'), 111);
insert into Spring23_S003_22_Buys_b_Info (CustID, PdtID, BIDate, Quantity) values (44, 45, TO_DATE('12/7/2022','MM/DD/YYYY'), 853);
insert into Spring23_S003_22_Buys_b_Info (CustID, PdtID, BIDate, Quantity) values (30, 39, TO_DATE('2/9/2023','MM/DD/YYYY'), 180);
insert into Spring23_S003_22_Buys_b_Info (CustID, PdtID, BIDate, Quantity) values (39, 21, TO_DATE('7/8/2022','MM/DD/YYYY'), 182);
insert into Spring23_S003_22_Buys_b_Info (CustID, PdtID, BIDate, Quantity) values (47, 64, TO_DATE('1/13/2023','MM/DD/YYYY'), 278);
insert into Spring23_S003_22_Buys_b_Info (CustID, PdtID, BIDate, Quantity) values (35, 34, TO_DATE('5/26/2022','MM/DD/YYYY'), 170);
insert into Spring23_S003_22_Buys_b_Info (CustID, PdtID, BIDate, Quantity) values (70, 86, TO_DATE('12/15/2022','MM/DD/YYYY'), 751);
insert into Spring23_S003_22_Buys_b_Info (CustID, PdtID, BIDate, Quantity) values (31, 18, TO_DATE('9/14/2022','MM/DD/YYYY'),775);
insert into Spring23_S003_22_Buys_b_Info (CustID, PdtID, BIDate, Quantity) values (36, 17, TO_DATE('2/1/2023','MM/DD/YYYY'), 349);
insert into Spring23_S003_22_Buys_b_Info (CustID, PdtID, BIDate, Quantity) values (5, 120, TO_DATE('2/12/2023','MM/DD/YYYY'), 897);
insert into Spring23_S003_22_Buys_b_Info (CustID, PdtID, BIDate, Quantity) values (63, 63, TO_DATE('3/18/2022','MM/DD/YYYY'), 563);
insert into Spring23_S003_22_Buys_b_Info (CustID, PdtID, BIDate, Quantity) values (32, 62, TO_DATE('2/24/2022','MM/DD/YYYY'), 392);
insert into Spring23_S003_22_Buys_b_Info (CustID, PdtID, BIDate, Quantity) values (38, 16, TO_DATE('2/4/2023','MM/DD/YYYY'), 655);
insert into Spring23_S003_22_Buys_b_Info (CustID, PdtID, BIDate, Quantity) values (35, 29, TO_DATE('10/27/2022','MM/DD/YYYY'), 220);
insert into Spring23_S003_22_Buys_b_Info (CustID, PdtID, BIDate, Quantity) values (16, 83, TO_DATE('11/23/2022','MM/DD/YYYY'), 366);
insert into Spring23_S003_22_Buys_b_Info (CustID, PdtID, BIDate, Quantity) values (28, 22, TO_DATE('1/11/2023','MM/DD/YYYY'), 267);
insert into Spring23_S003_22_Buys_b_Info (CustID, PdtID, BIDate, Quantity) values (54, 55, TO_DATE('3/28/2022','MM/DD/YYYY'), 120);
insert into Spring23_S003_22_Buys_b_Info (CustID, PdtID, BIDate, Quantity) values (27, 102, TO_DATE('6/22/2022','MM/DD/YYYY'), 538);
insert into Spring23_S003_22_Buys_b_Info (CustID, PdtID, BIDate, Quantity) values (19, 90, TO_DATE('11/8/2022','MM/DD/YYYY'), 183);
insert into Spring23_S003_22_Buys_b_Info (CustID, PdtID, BIDate, Quantity) values (11, 101, TO_DATE('3/6/2023','MM/DD/YYYY'), 289);
insert into Spring23_S003_22_Buys_b_Info (CustID, PdtID, BIDate, Quantity) values (60, 67, TO_DATE('5/17/2022','MM/DD/YYYY'), 831);
insert into Spring23_S003_22_Buys_b_Info (CustID, PdtID, BIDate, Quantity) values (16, 3, TO_DATE('2/6/2023','MM/DD/YYYY'), 358);
insert into Spring23_S003_22_Buys_b_Info (CustID, PdtID, BIDate, Quantity) values (46, 108, TO_DATE('2/15/2023','MM/DD/YYYY'), 232);
insert into Spring23_S003_22_Buys_b_Info (CustID, PdtID, BIDate, Quantity) values (62, 12, TO_DATE('10/16/2022','MM/DD/YYYY'), 694);
insert into Spring23_S003_22_Buys_b_Info (CustID, PdtID, BIDate, Quantity) values (5, 111, TO_DATE('4/10/2022','MM/DD/YYYY'), 395);
insert into Spring23_S003_22_Buys_b_Info (CustID, PdtID, BIDate, Quantity) values (40, 28, TO_DATE('1/29/2022','MM/DD/YYYY'), 41);
insert into Spring23_S003_22_Buys_b_Info (CustID, PdtID, BIDate, Quantity) values (47, 29, TO_DATE('5/2/2022','MM/DD/YYYY'), 417);
insert into Spring23_S003_22_Buys_b_Info (CustID, PdtID, BIDate, Quantity) values (18, 73, TO_DATE('1/15/2022','MM/DD/YYYY'), 669);
insert into Spring23_S003_22_Buys_b_Info (CustID, PdtID, BIDate, Quantity) values (35, 89, TO_DATE('9/21/2022','MM/DD/YYYY'), 597);
insert into Spring23_S003_22_Buys_b_Info (CustID, PdtID, BIDate, Quantity) values (59, 8, TO_DATE('11/30/2022','MM/DD/YYYY'), 54);
insert into Spring23_S003_22_Buys_b_Info (CustID, PdtID, BIDate, Quantity) values (23, 112, TO_DATE('4/9/2022','MM/DD/YYYY'), 55);
insert into Spring23_S003_22_Buys_b_Info (CustID, PdtID, BIDate, Quantity) values (36, 29, TO_DATE('11/7/2022','MM/DD/YYYY'), 618);
insert into Spring23_S003_22_Buys_b_Info (CustID, PdtID, BIDate, Quantity) values (22, 60, TO_DATE('1/6/2022','MM/DD/YYYY'), 697);
insert into Spring23_S003_22_Buys_b_Info (CustID, PdtID, BIDate, Quantity) values (26, 108,TO_DATE( '12/7/2022','MM/DD/YYYY'),71);
insert into Spring23_S003_22_Buys_b_Info (CustID, PdtID, BIDate, Quantity) values (26, 111, TO_DATE('1/23/2022','MM/DD/YYYY'), 871);
insert into Spring23_S003_22_Buys_b_Info (CustID, PdtID, BIDate, Quantity) values (68, 32, TO_DATE('7/2/2022','MM/DD/YYYY'), 272);
insert into Spring23_S003_22_Buys_b_Info (CustID, PdtID, BIDate, Quantity) values (16, 57, TO_DATE('1/24/2023','MM/DD/YYYY'), 374);
insert into Spring23_S003_22_Buys_b_Info (CustID, PdtID, BIDate, Quantity) values (1, 14, TO_DATE('2/12/2022','MM/DD/YYYY'), 426);
insert into Spring23_S003_22_Buys_b_Info (CustID, PdtID, BIDate, Quantity) values (21, 86, TO_DATE('1/8/2023','MM/DD/YYYY'), 344);
insert into Spring23_S003_22_Buys_b_Info (CustID, PdtID, BIDate, Quantity) values (56, 79, TO_DATE('10/24/2022','MM/DD/YYYY'), 84);
insert into Spring23_S003_22_Buys_b_Info (CustID, PdtID, BIDate, Quantity) values (30, 46, TO_DATE('5/14/2022','MM/DD/YYYY'), 927);
insert into Spring23_S003_22_Buys_b_Info (CustID, PdtID, BIDate, Quantity) values (33, 41, TO_DATE('7/17/2022','MM/DD/YYYY'), 613);
insert into Spring23_S003_22_Buys_b_Info (CustID, PdtID, BIDate, Quantity) values (39, 108, TO_DATE('12/7/2022','MM/DD/YYYY'), 204);
insert into Spring23_S003_22_Buys_b_Info (CustID, PdtID, BIDate, Quantity) values (16, 57, TO_DATE('7/15/2022','MM/DD/YYYY'), 422);
insert into Spring23_S003_22_Buys_b_Info (CustID, PdtID, BIDate, Quantity) values (16, 57, TO_DATE('1/25/2022','MM/DD/YYYY'), 119);
insert into Spring23_S003_22_Buys_b_Info (CustID, PdtID, BIDate, Quantity) values (16, 57, TO_DATE('6/12/2022','MM/DD/YYYY'), 906);
insert into Spring23_S003_22_Buys_b_Info (CustID, PdtID, BIDate, Quantity) values (22, 60, TO_DATE('3/28/2022','MM/DD/YYYY'), 641);
insert into Spring23_S003_22_Buys_b_Info (CustID, PdtID, BIDate, Quantity) values (22, 60, TO_DATE('9/16/2022','MM/DD/YYYY'), 205);
insert into Spring23_S003_22_Buys_b_Info (CustID, PdtID, BIDate, Quantity) values (36, 29, TO_DATE('2/20/2022','MM/DD/YYYY'), 284);
insert into Spring23_S003_22_Buys_b_Info (CustID, PdtID, BIDate, Quantity) values (36, 29, TO_DATE('9/6/2022','MM/DD/YYYY'), 48);
insert into Spring23_S003_22_Buys_b_Info (CustID, PdtID, BIDate, Quantity) values (46, 108,TO_DATE( '3/3/2022','MM/DD/YYYY'), 509);
insert into Spring23_S003_22_Buys_b_Info (CustID, PdtID, BIDate, Quantity) values (46, 108, TO_DATE('1/16/2022','MM/DD/YYYY'), 902);
insert into Spring23_S003_22_Buys_b_Info (CustID, PdtID, BIDate, Quantity) values (47, 64, TO_DATE('6/22/2022','MM/DD/YYYY'), 556);
insert into Spring23_S003_22_Buys_b_Info (CustID, PdtID, BIDate, Quantity) values (15, 105, TO_DATE('3/2/2022','MM/DD/YYYY'), 576);
insert into Spring23_S003_22_Buys_b_Info (CustID, PdtID, BIDate, Quantity) values (15, 105, TO_DATE('12/2/2022','MM/DD/YYYY'), 655);
insert into Spring23_S003_22_Buys_b_Info (CustID, PdtID, BIDate, Quantity) values (30, 46, TO_DATE('2/15/2022','MM/DD/YYYY'), 211);
insert into Spring23_S003_22_Buys_b_Info (CustID, PdtID, BIDate, Quantity) values (30, 46, TO_DATE('4/8/2022','MM/DD/YYYY'), 3);
insert into Spring23_S003_22_Buys_b_Info (CustID, PdtID, BIDate, Quantity) values (14, 46, TO_DATE('4/24/2022','MM/DD/YYYY'), 39);
insert into Spring23_S003_22_Buys_b_Info (CustID, PdtID, BIDate, Quantity) values (20, 113, TO_DATE('2/4/2023','MM/DD/YYYY'), 196);
insert into Spring23_S003_22_Buys_b_Info (CustID, PdtID, BIDate, Quantity) values (20, 113, TO_DATE('3/12/2023','MM/DD/YYYY'), 384);
insert into Spring23_S003_22_Buys_b_Info (CustID, PdtID, BIDate, Quantity) values (18, 73, TO_DATE('9/15/2022','MM/DD/YYYY'), 689);
insert into Spring23_S003_22_Buys_b_Info (CustID, PdtID, BIDate, Quantity) values (18, 73, TO_DATE('6/29/2022','MM/DD/YYYY'), 595);
insert into Spring23_S003_22_Buys_b_Info (CustID, PdtID, BIDate, Quantity) values (60, 58, TO_DATE('9/21/2022','MM/DD/YYYY'), 6);
insert into Spring23_S003_22_Buys_b_Info (CustID, PdtID, BIDate, Quantity) values (60, 58, TO_DATE('8/7/2022','MM/DD/YYYY'), 642);
